config,date,image_tag,what_changed,c1_total_tokps,c1_per_stream_tokps,c8_total_tokps,c8_per_stream_tokps,prefill_tokps,ttft_c1_s,ttft_c8_s,kv_pool_tokens,gpu_mem_util,accept_pct,accepted_per_step,boot_s,mmlu,notes
1,2026-09-05,exl3-zeus:bc0e0f6s,"upstream cuda-exl3 bc0e0f6 + our 0003 combine shared-memory staging patch; --max-num-batched-tokens 4096; NCCL_MAX_NCHANNELS=8 (mesh cliff fix). TP=3+EP, DFlash2 k=7, block-size 256",51.1,61.3,150.9,23.9,1761,0.683,1.555,1627170,0.80,64.3,5.5,,,"speed/TTFT/accept/KV from results/speed/concurrency-sweeps.csv rows 'bc0e0f6+0003, MNBT 4096' (C=1 and C=8) and results/speed/concurrency-sweeps.md; prefill-fresh median 1761 from our sweep aggregate row A-bc0e0f6s and docs/10-results-and-roofline.md 'How it got there'. our internal working log calls this 'Final 1 (bc0e0f6s, 4096, 23:30)' and gives the same C1 51.1/61.3, C8 150.9, prefill 1761, KV 1,627,170. CONTRADICTION: our internal working log 's 21:30 table (before the NCCL channel cap) reports the same image/MNBT arm as C1 51-52, C8 140-144, prefill7k 1331, TTFT C8 1.71 s and KV 1.77M; a second boot of the channel-capped arm read KV 1,648,621 (docs/10-results-and-roofline.md 'How it got there'; our sweep aggregate 'final') and a third 1,639,427 (our sweep aggregate 'base2'). accept_pct/accepted_per_step are the C=1 medians; across C1-C8 the arm ran 60.9-64.3 % and 5.20-5.50 tok/step. No boot time and no MMLU measured on this arm."
2,2026-09-05 02:25,exl3-zeus:f4987cf,cuda-exl3 f4987cf (do not fetch the MoE padding rows; equivalent to upstream e24f059); --max-num-batched-tokens 4096 -> 2048 to recover the KV pool,51.9,61.9,153.8,24.1,1645,0.662,1.459,2428769,0.80,63.8,5.46,,,"results/speed/concurrency-sweeps.csv rows 'f4987cf, MNBT 2048' C=1/C=8; concurrency-sweeps.md. our internal working log (section 'URETIM AYARI 2') gives C1 51.9/61.6, C8 153.8, prefill-fresh 1645, KV 2,428,769, accept 61-64 %, TTFT C1/C8 0.66/1.46 s. Minor disagreement: our internal working log per-stream 61.6 vs sweep CSV 61.9. prefill-fresh median 1645 also in our sweep aggregate row P-f4987cf-2048 and docs/10-results-and-roofline.md. our internal working log also records prefill7k 1331 for this arm. No boot time, no MMLU on this arm."
3,2026-09-05 03:25,exl3-zeus:f4987cf (image unchanged; prelude patch patch-swblock-tp3.py),draft KV page 16 -> 256 (HAREM_SW_BLOCK_SIZE=256): the DFlash2 sliding-window group was taking 53 % of the blocks-per-request budget for 0.6 % of the memory,52.8,61.1,162.8,25.5,1508,0.469,1.136,4413223,0.80,61.2,5.28,618,,"results/speed/concurrency-sweeps.csv rows 'f4987cf + draft page 256'; concurrency-sweeps.md. our internal working log gives C1 52.8, C4 117.1, C8 162.8, TTFT 0.47/1.14, KV 4,413,223, accept 60-64 %, prefill7k/fresh 1469/1508 (first prompt cold 817; warm repeats 1699/1703/1709). prefill-fresh median 1508 also in our sweep aggregate row K-sw256. boot_s 618 is this arm serving as the 'before' reference of the fast-boot work: 617.9 s container-start -> API-ready, weight load 426 s (docs/10-results-and-roofline.md, our internal working log). per-stream 61.1 from the sweep CSV; docs/08-fast-boot.md quotes the same reference arm's C1 per stream as 61.07. Cost recorded: +9.2 % memory per block, prefix-cache match unit 16 -> 256 tokens. No MMLU on this arm."
4,2026-09-05 06:20,exl3-zeus:f4987cf,"fast boot: per-rank pre-sliced fast-load sidecar (harem_fastload.py), --enable-ep-weight-filter + .trellis filter patch, --safetensors-load-strategy eager, posix_fadvise(DONTNEED)+malloc_trim, --no-enable-flashinfer-autotune",54.4,61.8,161.8,25.2,1704,0.469,1.142,4468319,0.80,63.9,5.47,274,,"results/speed/concurrency-sweeps.csv rows 'fast boot S4 (production)'; concurrency-sweeps.md; docs/08-fast-boot.md. boot 618 -> 274 s (617.9 -> 273.6 s, docs/10-results-and-roofline.md), weight load 426 -> 67 s (67.2 s). CONTRADICTION on the KV pool: the sweep arm and our sweep aggregate row BOOT2 read 4,468,319, while our internal working log and docs/10-results-and-roofline.md ('How it got there') all publish 4,484,848 for this arm; docs/07-kv-and-draft-page.md itself notes a 4,231,404 -> 4,484,848 boot-to-boot span of 6.0 %. prefill-fresh median 1704 (BOOT2). BOOT1 (S1+S2+S3 only) was C1 53.8, C8 164.0, KV 4,231,404. No MMLU on this arm."
5,2026-09-05,exl3-zeus:9bf594c,cuda-exl3 9bf594c: MLA tuner cache persisted across processes (CUDA_EXL3_TUNE_CACHE). 18 tune events before serving -> 0; measurement protocol changed from 5 rounds (2 discarded) to median of 3,54.5,62.5,159.9,24.6,1709,0.465,1.026,4429752,0.80,64.1,5.49,,,results/speed/concurrency-sweeps.csv rows 'tuner cache warm (9bf594c)'; concurrency-sweeps.md; ('production configuration 5'); docs/10-results-and-roofline.md ('How it got there'). TTFT 0.47/1.03 s also in our internal working log 's production-6 comparison table (our internal working log 'production 5' column) together with prefill-fresh 1662/1709/1719 and KV '4.43M'. The our internal working log has NO dedicated production-5 section; the configuration is only visible as the control column of production 6. boot_s left empty: the config boot was not itemised - what is recorded is that the new image invalidated the fast-load sidecar and cost one 682 s dump boot on all three nodes. No MMLU on this arm.
6,2026-09-05 07:55,"exl3-zeus:9bf594c (mesh plugin rebuilt: nccl-mesh-patched2, patches 0004+0005+0006)",mesh plugin device-aware link selection (both cables per peer; the 2nd cable of every pair had carried zero bytes since driver load) + NCCL_PTR_CUDA (no host bounce buffer) + real iflush; min_rnr_timer=1,56.9,63.6,168.9,26.0,1792,0.414,1.010,4449035,0.80,64.2,5.49,,,"results/speed/concurrency-sweeps.csv rows 'dual cable + PTR_CUDA (production)'; concurrency-sweeps.md;; docs/10-results-and-roofline.md; our internal working log. our internal working log quotes C1/C2/C4/C6/C8 = 56.9/84.2/118.5/142.9/168.9 and TTFT 0.41/1.01 s, prefill-fresh 1742/1792/1797 (median 1792, also our sweep aggregate row M-cuda), KV 4.45M. 64 MB all-reduce 12.0 -> 16.7 -> 20.8 GB/s. Second-cable port_xmit_data went from 0 to ~57 GB per node. accept band across concurrency 61-64 %. No boot time, no MMLU on this arm."
7,2026-09-05 11:50,exl3-zeus:9bf594c,"fp8 DFlash2 draft cache (HAREM_DRAFT_KV_DTYPE=fp8, patch-draftkv-tp3.py) + host-side memory settle gate in the launcher + tilelang fail-loud + FlashInfer warm-up + profiler flag (idle) + new sidecar /var/tmp/glm53-exl3-zk1",57.0,64.0,175.1,26.9,1769,0.336,0.914,4699724,0.80,64.3,5.50,274,86.4 +/-0.7,"results/speed/concurrency-sweeps.csv rows 'fp8 draft cache + settle gate (production 7)';; docs/10-results-and-roofline.md (production-7 column: C1 57.0/64.0, C8 175.1, TTFT 0.34/0.91, prefill-fresh 1769, 7K warm 1529, KV 4,699,724, boot ~274 s) and; docs/07-kv-and-draft-page.md (+5.6 % pool); our internal working log. KV also read 4,719,008 on the second instance prod7p (our internal working log our sweep aggregate row prod7p); the dump-boot validation arm zk1d read 4,382,920 and is explicitly not usable. boot_s 274 is carried forward from production 4, not re-itemised (docs/10-results-and-roofline.md). MMLU 86.4 +/-0.7 is CARRIED FORWARD, not measured on this config: it is the TP=2 sample from the first EX boot (docs/10-results-and-roofline.md 'sample, at TP=2', docs/10-results-and-roofline.md 'MMLU at TP=3 [not tested]'). Per-concurrency acceptance 60.8-64.3 %; the C=1 median is 64.3 % / 5.50 tok per step. CUDA graphs are OFF in this config (fp8 draft cache pushes draft attention to FlashInfer; cudagraph_mode NONE)."
8,2026-09-05 13:35,exl3-zeus:62f53e6,"image moved to cuda-exl3 HEAD (had_in a47da6e) and nothing else; sidecar re-dumped as /var/tmp/glm53-exl3-62f53e6. Adopted to track upstream, priced beforehand at 0.2-0.3 % of prefill wall",56.9,62.4,175.4,26.7,1776,0.344,0.906,4696969,0.80,64.36,5.50,264,86.4 +/-0.7,"Headline column = POOL OF TWO same-day runs (prod8r + prod8r2), because this arm's run-to-run spread is ~7 %: docs/10-results-and-roofline.md, docs/13-full-scope-checkpoint.md,. The single p8 boot alone measured C1 56.8 / C2 83.5 / C4 119.5 / C6 146.0 / C8 172.8, prefill-fresh median 1780, KV 4,674,931 (our internal working log; docs/10-results-and-roofline.md 'How it got there'; our sweep aggregate row p8). prod8r read KV 4,699,724 and prefill-fresh 1774; prod8r2 read 4,696,969 and 1779 (our sweep aggregate). our internal working log also records a post-interruption re-verification at C1 59.9 / C8 178.6 / prefill 1774 / KV 4,699,724 and another at C1 64.2 / C8 174.4 / KV 4,696,969 (our internal working log notes a 7 % C1 repeat spread). CONTRADICTION on boot: and docs/10-results-and-roofline.md say 264 s (weights 73.2 s); our internal working log says 274 s / 73 s. 7K warm prefill 1537. MMLU 86.4 +/-0.7 is the same carried-forward TP=2 sample, not measured on this config."
9,2026-09-05 18:40,exl3-zeus:754421f,"FULL-SCOPE checkpoint: turboderp/GLM-5.3-Flash-exl3 @4.05 bpw (MIT) replaces the routed-experts-only checkpoint, so the dense path is 5-6 bit EXL3 too. Needed packed_modules_mapping, removal of the two bf16 pins, KDA factorisation (S1/S2/S3), vocab padding_size 192->384, shared expert 2112->2304, our A9 patch, and Zeus's padded-load path. tp3full/ tree, new sidecar",69.9,75.9,197.2,28.64,1738,0.280,0.826,5165289,0.80,61.94,5.34,251,86.47 +/-0.74,"docs/10-results-and-roofline.md and, docs/13-full-scope-checkpoint.md, our internal working log our sweep aggregate row tp3full. C2/C4/C6 totals 99.17 / 140.72 / 172.40. 7K warm prefill 1575. Consumed memory per node 58.3-59.1 GiB (-3.4 GiB vs production 8). Boot 251 s of which weights 57.9 s. Step time 88.2 -> 70.3 ms. Acceptance: the -2.4 pt reading against production 8 is RETRACTED as a harness artefact (bench-sweep cycles prompts[i%12]); pooled by draft token it is +0.18 pt. See docs/11 section 2.26 was later shown to be a C1-median reading artefact of the prompt rotation, not a real drop: draft-token-weighted pools are 62.27 % (prod 9) vs 62.09 % (prod 8) - our internal working log. Re-boot verification prod9r from.env.tp3: KV 5,168,044, C1 69.8 / C2 99.5 / C4 134.6 / C6 171.2 / C8 192.4, prefill-fresh median 1749, gates full (our internal working log our sweep aggregate row prod9r). MMLU 86.47 +/-0.74 is the only MMLU actually measured at TP=3 on the production checkpoint. Category C1 speeds measured for this config: code 61.7, prose 29.1, math 79.6, JSON 72.8 tok/s (our internal working log) - note and docs/10-results-and-roofline.md still publish the FIVE-CONFIGURATIONS-OLD category figures (code 47.9 / math 59.0 / JSON 57.7 / prose 22.4) and mark them not re-run."
