# device,NVIDIA GB10,cc,12.1,SMs,48,L2_bytes,25165824,cold_mult,4,torch,2.13.0+cu130,backend,native,cuda_graph,True,rounds,3,peak_alloc_GiB,1.475
shape,k,n,m,arm,bits,variant,n_rot,graph_calls,us_median,us_r1,us_r2,us_r3,bytes_per_call,gbs,ratio_vs_bf16_linear,calls_per_step,note
f_b_proj  TP3/rank,128,2816,1,bf16_linear,16,warm,1,559,3.132,3.135,3.132,3.128,726784,232.0,,34,"8192->8448 pad, /3 = 22x128"
f_b_proj  TP3/rank,128,2816,1,bf16_linear,16,coldA,140,559,4.635,4.636,4.632,4.635,726784,156.8,,34,"8192->8448 pad, /3 = 22x128"
f_b_proj  TP3/rank,128,2816,1,bf16_linear,16,coldB,559,559,4.631,4.645,4.629,4.631,726784,156.9,,34,"8192->8448 pad, /3 = 22x128"
f_b_proj  TP3/rank,128,2816,8,bf16_linear,16,warm,1,559,2.208,2.210,2.207,2.208,768000,347.9,,34,"8192->8448 pad, /3 = 22x128"
f_b_proj  TP3/rank,128,2816,8,bf16_linear,16,coldA,140,559,4.984,4.982,4.990,4.984,768000,154.1,,34,"8192->8448 pad, /3 = 22x128"
f_b_proj  TP3/rank,128,2816,8,bf16_linear,16,coldB,559,559,4.988,4.994,4.983,4.988,768000,154.0,,34,"8192->8448 pad, /3 = 22x128"
f_b_proj  TP3/rank,128,2816,64,bf16_linear,16,warm,1,559,4.468,4.469,4.468,4.466,1097728,245.7,,34,"8192->8448 pad, /3 = 22x128"
f_b_proj  TP3/rank,128,2816,64,bf16_linear,16,coldA,140,559,5.974,5.967,5.974,5.987,1097728,183.7,,34,"8192->8448 pad, /3 = 22x128"
f_b_proj  TP3/rank,128,2816,64,bf16_linear,16,coldB,559,559,5.976,5.973,5.976,5.986,1097728,183.7,,34,"8192->8448 pad, /3 = 22x128"
f_b_proj  TP3/rank,128,2816,1,bf16_matmul,16,warm,1,559,2.474,2.474,2.474,2.465,726784,293.8,,34,"8192->8448 pad, /3 = 22x128"
f_b_proj  TP3/rank,128,2816,1,bf16_matmul,16,coldA,140,559,5.366,5.366,5.364,5.370,726784,135.4,,34,"8192->8448 pad, /3 = 22x128"
f_b_proj  TP3/rank,128,2816,1,bf16_matmul,16,coldB,559,559,5.353,5.355,5.353,5.346,726784,135.8,,34,"8192->8448 pad, /3 = 22x128"
f_b_proj  TP3/rank,128,2816,8,bf16_matmul,16,warm,1,559,2.609,2.892,2.609,2.607,768000,294.4,,34,"8192->8448 pad, /3 = 22x128"
f_b_proj  TP3/rank,128,2816,8,bf16_matmul,16,coldA,140,559,5.279,5.272,5.279,5.282,768000,145.5,,34,"8192->8448 pad, /3 = 22x128"
f_b_proj  TP3/rank,128,2816,8,bf16_matmul,16,coldB,559,559,5.237,5.251,5.237,5.235,768000,146.6,,34,"8192->8448 pad, /3 = 22x128"
f_b_proj  TP3/rank,128,2816,64,bf16_matmul,16,warm,1,559,2.916,2.919,2.913,2.916,1097728,376.5,,34,"8192->8448 pad, /3 = 22x128"
f_b_proj  TP3/rank,128,2816,64,bf16_matmul,16,coldA,140,559,5.226,5.226,5.221,6.132,1097728,210.0,,34,"8192->8448 pad, /3 = 22x128"
f_b_proj  TP3/rank,128,2816,64,bf16_matmul,16,coldB,559,559,5.245,5.245,5.245,5.228,1097728,209.3,,34,"8192->8448 pad, /3 = 22x128"
f_b_proj  TP3/rank,128,2816,1,exl3,4,warm,1,559,4.952,4.952,4.953,4.950,192000,38.8,1.5809,34,"8192->8448 pad, /3 = 22x128"
f_b_proj  TP3/rank,128,2816,1,exl3,4,coldA,140,559,6.215,6.211,6.235,6.215,192000,30.9,1.3409,34,"8192->8448 pad, /3 = 22x128"
f_b_proj  TP3/rank,128,2816,1,exl3,4,coldB,559,559,6.589,6.602,6.581,6.589,192000,29.1,1.4229,34,"8192->8448 pad, /3 = 22x128"
f_b_proj  TP3/rank,128,2816,8,exl3,4,warm,1,559,3.542,3.542,3.542,3.542,233216,65.8,1.6046,34,"8192->8448 pad, /3 = 22x128"
f_b_proj  TP3/rank,128,2816,8,exl3,4,coldA,140,559,4.579,4.579,4.577,4.588,233216,50.9,0.9187,34,"8192->8448 pad, /3 = 22x128"
f_b_proj  TP3/rank,128,2816,8,exl3,4,coldB,559,559,5.102,5.103,5.102,5.101,233216,45.7,1.0228,34,"8192->8448 pad, /3 = 22x128"
f_b_proj  TP3/rank,128,2816,64,exl3,4,warm,1,559,4.928,4.928,4.928,4.923,562944,114.2,1.1028,34,"8192->8448 pad, /3 = 22x128"
f_b_proj  TP3/rank,128,2816,64,exl3,4,coldA,140,559,5.617,5.607,5.617,5.626,562944,100.2,0.9402,34,"8192->8448 pad, /3 = 22x128"
f_b_proj  TP3/rank,128,2816,64,exl3,4,coldB,559,559,5.946,5.935,5.946,6.064,562944,94.7,0.9950,34,"8192->8448 pad, /3 = 22x128"
f_b_proj  TP3/rank,128,2816,1,exl3,5,warm,1,559,4.266,4.272,4.266,4.265,237056,55.6,1.3617,34,"8192->8448 pad, /3 = 22x128"
f_b_proj  TP3/rank,128,2816,1,exl3,5,coldA,140,559,6.031,6.037,6.029,6.031,237056,39.3,1.3012,34,"8192->8448 pad, /3 = 22x128"
f_b_proj  TP3/rank,128,2816,1,exl3,5,coldB,559,559,6.071,6.064,6.071,6.072,237056,39.0,1.3110,34,"8192->8448 pad, /3 = 22x128"
f_b_proj  TP3/rank,128,2816,8,exl3,5,warm,1,559,3.610,3.609,3.610,3.611,278272,77.1,1.6353,34,"8192->8448 pad, /3 = 22x128"
f_b_proj  TP3/rank,128,2816,8,exl3,5,coldA,140,559,5.238,5.257,5.238,5.233,278272,53.1,1.0509,34,"8192->8448 pad, /3 = 22x128"
f_b_proj  TP3/rank,128,2816,8,exl3,5,coldB,559,559,5.297,5.307,5.297,5.292,278272,52.5,1.0620,34,"8192->8448 pad, /3 = 22x128"
f_b_proj  TP3/rank,128,2816,64,exl3,5,warm,1,559,5.485,5.485,5.487,5.482,608000,110.8,1.2276,34,"8192->8448 pad, /3 = 22x128"
f_b_proj  TP3/rank,128,2816,64,exl3,5,coldA,140,559,6.288,6.297,6.288,6.288,608000,96.7,1.0526,34,"8192->8448 pad, /3 = 22x128"
f_b_proj  TP3/rank,128,2816,64,exl3,5,coldB,559,559,6.307,6.300,6.307,6.311,608000,96.4,1.0554,34,"8192->8448 pad, /3 = 22x128"
f_b_proj  TP3/rank,128,2816,1,exl3,6,warm,1,559,4.287,4.346,4.283,4.287,282112,65.8,1.3685,34,"8192->8448 pad, /3 = 22x128"
f_b_proj  TP3/rank,128,2816,1,exl3,6,coldA,140,559,6.225,6.245,6.225,6.223,282112,45.3,1.3431,34,"8192->8448 pad, /3 = 22x128"
f_b_proj  TP3/rank,128,2816,1,exl3,6,coldB,559,559,6.219,6.224,6.219,6.214,282112,45.4,1.3430,34,"8192->8448 pad, /3 = 22x128"
f_b_proj  TP3/rank,128,2816,8,exl3,6,warm,1,559,4.130,4.130,4.131,4.130,323328,78.3,1.8709,34,"8192->8448 pad, /3 = 22x128"
f_b_proj  TP3/rank,128,2816,8,exl3,6,coldA,140,559,5.780,5.780,5.781,5.777,323328,55.9,1.1596,34,"8192->8448 pad, /3 = 22x128"
f_b_proj  TP3/rank,128,2816,8,exl3,6,coldB,559,559,5.775,5.775,5.774,5.780,323328,56.0,1.1577,34,"8192->8448 pad, /3 = 22x128"
f_b_proj  TP3/rank,128,2816,64,exl3,6,warm,1,559,5.237,5.237,5.236,5.243,653056,124.7,1.1721,34,"8192->8448 pad, /3 = 22x128"
f_b_proj  TP3/rank,128,2816,64,exl3,6,coldA,140,559,6.537,6.540,6.537,6.531,653056,99.9,1.0943,34,"8192->8448 pad, /3 = 22x128"
f_b_proj  TP3/rank,128,2816,64,exl3,6,coldB,559,559,6.547,6.547,6.533,7.306,653056,99.8,1.0955,34,"8192->8448 pad, /3 = 22x128"
g_b_proj  TP3/rank,128,2816,1,bf16_linear,16,warm,1,559,3.098,3.097,3.098,3.101,726784,234.6,,34,identical shape to f_b
g_b_proj  TP3/rank,128,2816,1,bf16_linear,16,coldA,140,559,4.636,4.655,4.636,4.630,726784,156.8,,34,identical shape to f_b
g_b_proj  TP3/rank,128,2816,1,bf16_linear,16,coldB,559,559,4.627,4.627,4.629,4.627,726784,157.1,,34,identical shape to f_b
g_b_proj  TP3/rank,128,2816,8,bf16_linear,16,warm,1,559,2.198,2.269,2.198,2.192,768000,349.4,,34,identical shape to f_b
g_b_proj  TP3/rank,128,2816,8,bf16_linear,16,coldA,140,559,4.988,4.985,4.991,4.988,768000,154.0,,34,identical shape to f_b
g_b_proj  TP3/rank,128,2816,8,bf16_linear,16,coldB,559,559,4.984,4.984,4.981,4.985,768000,154.1,,34,identical shape to f_b
g_b_proj  TP3/rank,128,2816,64,bf16_linear,16,warm,1,559,4.472,4.472,4.473,4.466,1097728,245.4,,34,identical shape to f_b
g_b_proj  TP3/rank,128,2816,64,bf16_linear,16,coldA,140,559,5.978,5.978,5.977,5.981,1097728,183.6,,34,identical shape to f_b
g_b_proj  TP3/rank,128,2816,64,bf16_linear,16,coldB,559,559,5.980,5.973,5.980,5.985,1097728,183.6,,34,identical shape to f_b
g_b_proj  TP3/rank,128,2816,1,bf16_matmul,16,warm,1,559,2.471,2.469,2.471,2.474,726784,294.2,,34,identical shape to f_b
g_b_proj  TP3/rank,128,2816,1,bf16_matmul,16,coldA,140,559,5.384,5.384,5.385,5.375,726784,135.0,,34,identical shape to f_b
g_b_proj  TP3/rank,128,2816,1,bf16_matmul,16,coldB,559,559,5.358,5.358,5.349,5.360,726784,135.6,,34,identical shape to f_b
g_b_proj  TP3/rank,128,2816,8,bf16_matmul,16,warm,1,559,2.579,2.578,2.583,2.579,768000,297.8,,34,identical shape to f_b
g_b_proj  TP3/rank,128,2816,8,bf16_matmul,16,coldA,140,559,5.294,5.294,5.285,5.301,768000,145.1,,34,identical shape to f_b
g_b_proj  TP3/rank,128,2816,8,bf16_matmul,16,coldB,559,559,5.244,5.236,5.258,5.244,768000,146.4,,34,identical shape to f_b
g_b_proj  TP3/rank,128,2816,64,bf16_matmul,16,warm,1,559,2.955,2.956,2.955,2.951,1097728,371.5,,34,identical shape to f_b
g_b_proj  TP3/rank,128,2816,64,bf16_matmul,16,coldA,140,559,5.216,5.217,5.216,5.207,1097728,210.5,,34,identical shape to f_b
g_b_proj  TP3/rank,128,2816,64,bf16_matmul,16,coldB,559,559,5.238,5.241,5.238,5.236,1097728,209.6,,34,identical shape to f_b
g_b_proj  TP3/rank,128,2816,1,exl3,4,warm,1,559,4.955,4.956,4.955,4.953,192000,38.7,1.5995,34,identical shape to f_b
g_b_proj  TP3/rank,128,2816,1,exl3,4,coldA,140,559,5.909,5.907,5.909,5.911,192000,32.5,1.2747,34,identical shape to f_b
g_b_proj  TP3/rank,128,2816,1,exl3,4,coldB,559,559,6.597,6.594,6.610,6.597,192000,29.1,1.4257,34,identical shape to f_b
g_b_proj  TP3/rank,128,2816,8,exl3,4,warm,1,559,3.544,3.543,3.544,3.545,233216,65.8,1.6126,34,identical shape to f_b
g_b_proj  TP3/rank,128,2816,8,exl3,4,coldA,140,559,4.301,4.317,4.301,4.297,233216,54.2,0.8623,34,identical shape to f_b
g_b_proj  TP3/rank,128,2816,8,exl3,4,coldB,559,559,5.111,5.111,5.109,5.114,233216,45.6,1.0254,34,identical shape to f_b
g_b_proj  TP3/rank,128,2816,64,exl3,4,warm,1,559,4.947,4.950,4.944,4.947,562944,113.8,1.1062,34,identical shape to f_b
g_b_proj  TP3/rank,128,2816,64,exl3,4,coldA,140,559,5.331,5.319,5.331,5.878,562944,105.6,0.8919,34,identical shape to f_b
g_b_proj  TP3/rank,128,2816,64,exl3,4,coldB,559,559,5.967,5.967,5.954,6.748,562944,94.4,0.9977,34,identical shape to f_b
g_b_proj  TP3/rank,128,2816,1,exl3,5,warm,1,559,4.263,4.264,4.263,4.258,237056,55.6,1.3761,34,identical shape to f_b
g_b_proj  TP3/rank,128,2816,1,exl3,5,coldA,140,559,5.932,5.952,5.929,5.932,237056,40.0,1.2797,34,identical shape to f_b
g_b_proj  TP3/rank,128,2816,1,exl3,5,coldB,559,559,6.069,6.067,6.071,6.069,237056,39.1,1.3117,34,identical shape to f_b
g_b_proj  TP3/rank,128,2816,8,exl3,5,warm,1,559,3.631,3.631,3.631,3.630,278272,76.6,1.6518,34,identical shape to f_b
g_b_proj  TP3/rank,128,2816,8,exl3,5,coldA,140,559,5.139,5.131,5.153,5.139,278272,54.1,1.0303,34,identical shape to f_b
g_b_proj  TP3/rank,128,2816,8,exl3,5,coldB,559,559,5.312,5.972,5.312,5.306,278272,52.4,1.0657,34,identical shape to f_b
g_b_proj  TP3/rank,128,2816,64,exl3,5,warm,1,559,5.478,5.727,5.477,5.478,608000,111.0,1.2248,34,identical shape to f_b
g_b_proj  TP3/rank,128,2816,64,exl3,5,coldA,140,559,6.236,6.829,6.231,6.236,608000,97.5,1.0432,34,identical shape to f_b
g_b_proj  TP3/rank,128,2816,64,exl3,5,coldB,559,559,6.306,6.318,6.306,6.306,608000,96.4,1.0545,34,identical shape to f_b
g_b_proj  TP3/rank,128,2816,1,exl3,6,warm,1,559,4.290,4.292,4.289,4.290,282112,65.8,1.3849,34,identical shape to f_b
g_b_proj  TP3/rank,128,2816,1,exl3,6,coldA,140,559,6.216,6.238,6.216,6.214,282112,45.4,1.3409,34,identical shape to f_b
g_b_proj  TP3/rank,128,2816,1,exl3,6,coldB,559,559,6.218,6.215,6.218,6.226,282112,45.4,1.3439,34,identical shape to f_b
g_b_proj  TP3/rank,128,2816,8,exl3,6,warm,1,559,4.171,4.171,4.171,4.173,323328,77.5,1.8977,34,identical shape to f_b
g_b_proj  TP3/rank,128,2816,8,exl3,6,coldA,140,559,5.793,6.153,5.791,5.793,323328,55.8,1.1613,34,identical shape to f_b
g_b_proj  TP3/rank,128,2816,8,exl3,6,coldB,559,559,5.797,5.811,5.794,5.797,323328,55.8,1.1632,34,identical shape to f_b
g_b_proj  TP3/rank,128,2816,64,exl3,6,warm,1,559,5.249,5.254,5.247,5.249,653056,124.4,1.1736,34,identical shape to f_b
g_b_proj  TP3/rank,128,2816,64,exl3,6,coldA,140,559,6.560,6.582,6.559,6.560,653056,99.5,1.0975,34,identical shape to f_b
g_b_proj  TP3/rank,128,2816,64,exl3,6,coldB,559,559,6.544,6.544,6.542,6.553,653056,99.8,1.0942,34,identical shape to f_b
f_b_proj  unsharded,128,8192,1,bf16_linear,16,warm,1,200,6.120,6.120,6.124,6.111,2113792,345.4,,0,"doc shape, replicated ref"
f_b_proj  unsharded,128,8192,1,bf16_linear,16,coldA,48,200,9.553,9.990,9.553,9.529,2113792,221.3,,0,"doc shape, replicated ref"
f_b_proj  unsharded,128,8192,1,bf16_linear,16,coldB,192,200,9.513,9.561,9.504,9.513,2113792,222.2,,0,"doc shape, replicated ref"
f_b_proj  unsharded,128,8192,8,bf16_linear,16,warm,1,200,3.335,3.335,3.320,3.340,2230272,668.8,,0,"doc shape, replicated ref"
f_b_proj  unsharded,128,8192,8,bf16_linear,16,coldA,48,200,9.971,9.971,9.980,9.958,2230272,223.7,,0,"doc shape, replicated ref"
f_b_proj  unsharded,128,8192,8,bf16_linear,16,coldB,192,200,9.936,9.937,9.916,9.936,2230272,224.5,,0,"doc shape, replicated ref"
f_b_proj  unsharded,128,8192,64,bf16_linear,16,warm,1,200,6.405,6.412,6.404,6.405,3162112,493.7,,0,"doc shape, replicated ref"
f_b_proj  unsharded,128,8192,64,bf16_linear,16,coldA,48,200,10.347,10.347,10.319,10.361,3162112,305.6,,0,"doc shape, replicated ref"
f_b_proj  unsharded,128,8192,64,bf16_linear,16,coldB,192,200,10.335,10.335,10.290,10.361,3162112,306.0,,0,"doc shape, replicated ref"
f_b_proj  unsharded,128,8192,1,bf16_matmul,16,warm,1,200,3.329,3.349,3.325,3.329,2113792,634.9,,0,"doc shape, replicated ref"
f_b_proj  unsharded,128,8192,1,bf16_matmul,16,coldA,48,200,11.906,11.903,11.923,11.906,2113792,177.5,,0,"doc shape, replicated ref"
f_b_proj  unsharded,128,8192,1,bf16_matmul,16,coldB,192,200,11.883,11.948,11.883,11.798,2113792,177.9,,0,"doc shape, replicated ref"
f_b_proj  unsharded,128,8192,8,bf16_matmul,16,warm,1,200,4.698,4.709,4.689,4.698,2230272,474.7,,0,"doc shape, replicated ref"
f_b_proj  unsharded,128,8192,8,bf16_matmul,16,coldA,48,200,10.939,10.492,10.939,12.854,2230272,203.9,,0,"doc shape, replicated ref"
f_b_proj  unsharded,128,8192,8,bf16_matmul,16,coldB,192,200,11.055,10.567,11.055,13.027,2230272,201.7,,0,"doc shape, replicated ref"
f_b_proj  unsharded,128,8192,64,bf16_matmul,16,warm,1,200,7.908,7.914,7.908,7.903,3162112,399.9,,0,"doc shape, replicated ref"
f_b_proj  unsharded,128,8192,64,bf16_matmul,16,coldA,48,200,11.432,11.427,11.432,11.441,3162112,276.6,,0,"doc shape, replicated ref"
f_b_proj  unsharded,128,8192,64,bf16_matmul,16,coldB,192,200,11.313,11.313,11.316,11.292,3162112,279.5,,0,"doc shape, replicated ref"
f_b_proj  unsharded,128,8192,1,exl3,4,warm,1,200,4.316,4.325,4.316,4.309,557568,129.2,0.7053,0,"doc shape, replicated ref"
f_b_proj  unsharded,128,8192,1,exl3,4,coldA,48,200,5.234,5.225,5.236,5.234,557568,106.5,0.5479,0,"doc shape, replicated ref"
f_b_proj  unsharded,128,8192,1,exl3,4,coldB,192,200,6.133,6.149,6.133,6.130,557568,90.9,0.6447,0,"doc shape, replicated ref"
f_b_proj  unsharded,128,8192,8,exl3,4,warm,1,200,4.932,5.275,4.932,4.723,674048,136.7,1.4788,0,"doc shape, replicated ref"
f_b_proj  unsharded,128,8192,8,exl3,4,coldA,48,200,5.588,5.592,5.588,5.582,674048,120.6,0.5605,0,"doc shape, replicated ref"
f_b_proj  unsharded,128,8192,8,exl3,4,coldB,192,200,6.387,6.390,6.387,6.387,674048,105.5,0.6428,0,"doc shape, replicated ref"
f_b_proj  unsharded,128,8192,64,exl3,4,warm,1,200,8.294,8.294,8.296,8.282,1605888,193.6,1.2949,0,"doc shape, replicated ref"
f_b_proj  unsharded,128,8192,64,exl3,4,coldA,48,200,9.289,9.277,9.294,9.289,1605888,172.9,0.8978,0,"doc shape, replicated ref"
f_b_proj  unsharded,128,8192,64,exl3,4,coldB,192,200,9.831,9.837,9.817,9.831,1605888,163.4,0.9513,0,"doc shape, replicated ref"
f_b_proj  unsharded,128,8192,1,exl3,5,warm,1,200,4.569,4.569,4.568,4.569,688640,150.7,0.7466,0,"doc shape, replicated ref"
f_b_proj  unsharded,128,8192,1,exl3,5,coldA,48,200,7.888,7.888,8.045,6.337,688640,87.3,0.8257,0,"doc shape, replicated ref"
f_b_proj  unsharded,128,8192,1,exl3,5,coldB,192,200,6.790,6.781,6.790,6.807,688640,101.4,0.7137,0,"doc shape, replicated ref"
f_b_proj  unsharded,128,8192,8,exl3,5,warm,1,200,4.834,4.839,4.834,4.831,805120,166.6,1.4495,0,"doc shape, replicated ref"
f_b_proj  unsharded,128,8192,8,exl3,5,coldA,48,200,6.438,6.438,6.438,6.439,805120,125.1,0.6457,0,"doc shape, replicated ref"
f_b_proj  unsharded,128,8192,8,exl3,5,coldB,192,200,7.042,7.042,7.019,7.050,805120,114.3,0.7087,0,"doc shape, replicated ref"
f_b_proj  unsharded,128,8192,64,exl3,5,warm,1,200,8.865,8.882,8.865,8.860,1736960,195.9,1.3841,0,"doc shape, replicated ref"
f_b_proj  unsharded,128,8192,64,exl3,5,coldA,48,200,10.342,10.366,10.328,10.342,1736960,168.0,0.9995,0,"doc shape, replicated ref"
f_b_proj  unsharded,128,8192,64,exl3,5,coldB,192,200,10.699,10.732,10.699,10.699,1736960,162.4,1.0352,0,"doc shape, replicated ref"
f_b_proj  unsharded,128,8192,1,exl3,6,warm,1,200,4.578,4.577,4.578,4.582,819712,179.1,0.7481,0,"doc shape, replicated ref"
f_b_proj  unsharded,128,8192,1,exl3,6,coldA,48,200,7.304,7.304,7.304,7.294,819712,112.2,0.7645,0,"doc shape, replicated ref"
f_b_proj  unsharded,128,8192,1,exl3,6,coldB,192,200,7.333,7.333,8.405,7.326,819712,111.8,0.7709,0,"doc shape, replicated ref"
f_b_proj  unsharded,128,8192,8,exl3,6,warm,1,200,4.917,4.918,4.913,4.917,936192,190.4,1.4744,0,"doc shape, replicated ref"
f_b_proj  unsharded,128,8192,8,exl3,6,coldA,48,200,7.522,7.522,7.520,8.585,936192,124.5,0.7544,0,"doc shape, replicated ref"
f_b_proj  unsharded,128,8192,8,exl3,6,coldB,192,200,7.504,7.524,7.504,7.504,936192,124.8,0.7552,0,"doc shape, replicated ref"
f_b_proj  unsharded,128,8192,64,exl3,6,warm,1,200,8.967,8.967,8.970,8.963,1868032,208.3,1.4000,0,"doc shape, replicated ref"
f_b_proj  unsharded,128,8192,64,exl3,6,coldA,48,200,11.184,11.184,11.182,11.189,1868032,167.0,1.0809,0,"doc shape, replicated ref"
f_b_proj  unsharded,128,8192,64,exl3,6,coldB,192,200,11.191,11.196,11.184,11.191,1868032,166.9,1.0829,0,"doc shape, replicated ref"
f_a_proj  replicated,4096,128,1,bf16_linear,16,warm,1,384,3.115,3.351,3.115,3.058,1057024,339.3,,0,"in_proj half, 128 wide"
f_a_proj  replicated,4096,128,1,bf16_linear,16,coldA,96,384,5.917,5.916,5.917,5.921,1057024,178.6,,0,"in_proj half, 128 wide"
f_a_proj  replicated,4096,128,1,bf16_linear,16,coldB,384,384,5.939,5.963,5.939,5.932,1057024,178.0,,0,"in_proj half, 128 wide"
f_a_proj  replicated,4096,128,8,bf16_linear,16,warm,1,384,4.583,4.588,4.583,4.581,1116160,243.6,,0,"in_proj half, 128 wide"
f_a_proj  replicated,4096,128,8,bf16_linear,16,coldA,96,384,8.513,8.492,8.546,8.513,1116160,131.1,,0,"in_proj half, 128 wide"
f_a_proj  replicated,4096,128,8,bf16_linear,16,coldB,384,384,8.490,8.484,8.490,8.532,1116160,131.5,,0,"in_proj half, 128 wide"
f_a_proj  replicated,4096,128,64,bf16_linear,16,warm,1,384,6.368,6.368,6.360,6.371,1589248,249.6,,0,"in_proj half, 128 wide"
f_a_proj  replicated,4096,128,64,bf16_linear,16,coldA,96,384,7.931,8.018,7.924,7.931,1589248,200.4,,0,"in_proj half, 128 wide"
f_a_proj  replicated,4096,128,64,bf16_linear,16,coldB,384,384,7.883,7.876,7.884,7.883,1589248,201.6,,0,"in_proj half, 128 wide"
f_a_proj  replicated,4096,128,1,bf16_matmul,16,warm,1,384,4.451,4.455,4.446,4.451,1057024,237.5,,0,"in_proj half, 128 wide"
f_a_proj  replicated,4096,128,1,bf16_matmul,16,coldA,96,384,7.124,8.429,7.124,7.109,1057024,148.4,,0,"in_proj half, 128 wide"
f_a_proj  replicated,4096,128,1,bf16_matmul,16,coldB,384,384,7.007,6.995,7.007,7.020,1057024,150.9,,0,"in_proj half, 128 wide"
f_a_proj  replicated,4096,128,8,bf16_matmul,16,warm,1,384,4.495,4.495,4.495,4.497,1116160,248.3,,0,"in_proj half, 128 wide"
f_a_proj  replicated,4096,128,8,bf16_matmul,16,coldA,96,384,8.779,8.814,8.779,8.777,1116160,127.1,,0,"in_proj half, 128 wide"
f_a_proj  replicated,4096,128,8,bf16_matmul,16,coldB,384,384,8.612,8.612,8.612,8.625,1116160,129.6,,0,"in_proj half, 128 wide"
f_a_proj  replicated,4096,128,64,bf16_matmul,16,warm,1,384,6.335,6.316,6.335,6.339,1589248,250.9,,0,"in_proj half, 128 wide"
f_a_proj  replicated,4096,128,64,bf16_matmul,16,coldA,96,384,8.107,8.050,8.129,8.107,1589248,196.0,,0,"in_proj half, 128 wide"
f_a_proj  replicated,4096,128,64,bf16_matmul,16,coldB,384,384,8.341,8.348,8.318,8.341,1589248,190.5,,0,"in_proj half, 128 wide"
f_a_proj  replicated,4096,128,1,exl3,4,warm,1,384,5.559,5.558,5.559,5.561,279040,50.2,1.7845,0,"in_proj half, 128 wide"
f_a_proj  replicated,4096,128,1,exl3,4,coldA,96,384,6.546,6.576,6.546,6.540,279040,42.6,1.1064,0,"in_proj half, 128 wide"
f_a_proj  replicated,4096,128,1,exl3,4,coldB,384,384,7.076,7.083,7.076,7.073,279040,39.4,1.1916,0,"in_proj half, 128 wide"
f_a_proj  replicated,4096,128,8,exl3,4,warm,1,384,5.821,5.823,5.820,5.821,338176,58.1,1.2703,0,"in_proj half, 128 wide"
f_a_proj  replicated,4096,128,8,exl3,4,coldA,96,384,6.816,6.814,6.816,6.821,338176,49.6,0.8007,0,"in_proj half, 128 wide"
f_a_proj  replicated,4096,128,8,exl3,4,coldB,384,384,7.246,9.208,7.246,7.232,338176,46.7,0.8534,0,"in_proj half, 128 wide"
f_a_proj  replicated,4096,128,64,exl3,4,warm,1,384,9.180,9.180,9.179,9.182,811264,88.4,1.4417,0,"in_proj half, 128 wide"
f_a_proj  replicated,4096,128,64,exl3,4,coldA,96,384,12.346,12.346,14.490,12.268,811264,65.7,1.5566,0,"in_proj half, 128 wide"
f_a_proj  replicated,4096,128,64,exl3,4,coldB,384,384,12.815,14.363,12.815,12.514,811264,63.3,1.6257,0,"in_proj half, 128 wide"
f_a_proj  replicated,4096,128,1,exl3,5,warm,1,384,6.972,6.972,6.972,6.972,344576,49.4,2.2381,0,"in_proj half, 128 wide"
f_a_proj  replicated,4096,128,1,exl3,5,coldA,96,384,9.356,9.705,9.356,8.569,344576,36.8,1.5813,0,"in_proj half, 128 wide"
f_a_proj  replicated,4096,128,1,exl3,5,coldB,384,384,9.581,8.708,9.807,9.581,344576,36.0,1.6133,0,"in_proj half, 128 wide"
f_a_proj  replicated,4096,128,8,exl3,5,warm,1,384,7.134,7.134,7.132,7.145,403712,56.6,1.5567,0,"in_proj half, 128 wide"
f_a_proj  replicated,4096,128,8,exl3,5,coldA,96,384,8.746,9.099,8.743,8.746,403712,46.2,1.0273,0,"in_proj half, 128 wide"
f_a_proj  replicated,4096,128,8,exl3,5,coldB,384,384,9.261,10.528,9.261,8.861,403712,43.6,1.0909,0,"in_proj half, 128 wide"
f_a_proj  replicated,4096,128,64,exl3,5,warm,1,384,8.820,8.823,8.820,8.819,876800,99.4,1.3851,0,"in_proj half, 128 wide"
f_a_proj  replicated,4096,128,64,exl3,5,coldA,96,384,11.422,11.399,13.484,11.422,876800,76.8,1.4401,0,"in_proj half, 128 wide"
f_a_proj  replicated,4096,128,64,exl3,5,coldB,384,384,12.057,11.445,13.694,12.057,876800,72.7,1.5295,0,"in_proj half, 128 wide"
f_a_proj  replicated,4096,128,1,exl3,6,warm,1,384,5.330,5.335,5.326,5.330,410112,76.9,1.7111,0,"in_proj half, 128 wide"
f_a_proj  replicated,4096,128,1,exl3,6,coldA,96,384,7.911,7.911,7.909,9.750,410112,51.8,1.3371,0,"in_proj half, 128 wide"
f_a_proj  replicated,4096,128,1,exl3,6,coldB,384,384,7.884,7.883,7.884,7.887,410112,52.0,1.3275,0,"in_proj half, 128 wide"
f_a_proj  replicated,4096,128,8,exl3,6,warm,1,384,6.203,6.210,6.203,6.201,469248,75.6,1.3536,0,"in_proj half, 128 wide"
f_a_proj  replicated,4096,128,8,exl3,6,coldA,96,384,7.977,7.977,7.972,9.151,469248,58.8,0.9371,0,"in_proj half, 128 wide"
f_a_proj  replicated,4096,128,8,exl3,6,coldB,384,384,7.951,7.951,7.951,7.956,469248,59.0,0.9365,0,"in_proj half, 128 wide"
f_a_proj  replicated,4096,128,64,exl3,6,warm,1,384,8.788,8.909,8.787,8.788,942336,107.2,1.3801,0,"in_proj half, 128 wide"
f_a_proj  replicated,4096,128,64,exl3,6,coldA,96,384,11.426,12.461,11.426,11.416,942336,82.5,1.4406,0,"in_proj half, 128 wide"
f_a_proj  replicated,4096,128,64,exl3,6,coldB,384,384,11.406,12.373,11.404,11.406,942336,82.6,1.4470,0,"in_proj half, 128 wide"
g_a_proj  replicated,4096,128,1,bf16_linear,16,warm,1,384,3.165,3.166,3.165,3.164,1057024,334.0,,0,identical to f_a
g_a_proj  replicated,4096,128,1,bf16_linear,16,coldA,96,384,5.950,5.972,5.950,5.943,1057024,177.6,,0,identical to f_a
g_a_proj  replicated,4096,128,1,bf16_linear,16,coldB,384,384,5.941,5.942,5.941,5.936,1057024,177.9,,0,identical to f_a
g_a_proj  replicated,4096,128,8,bf16_linear,16,warm,1,384,5.036,4.610,5.183,5.036,1116160,221.6,,0,identical to f_a
g_a_proj  replicated,4096,128,8,bf16_linear,16,coldA,96,384,8.476,8.483,8.476,8.470,1116160,131.7,,0,identical to f_a
g_a_proj  replicated,4096,128,8,bf16_linear,16,coldB,384,384,8.472,8.494,8.472,8.466,1116160,131.8,,0,identical to f_a
g_a_proj  replicated,4096,128,64,bf16_linear,16,warm,1,384,6.416,6.406,6.419,6.416,1589248,247.7,,0,identical to f_a
g_a_proj  replicated,4096,128,64,bf16_linear,16,coldA,96,384,7.987,7.995,7.986,7.987,1589248,199.0,,0,identical to f_a
g_a_proj  replicated,4096,128,64,bf16_linear,16,coldB,384,384,7.893,7.893,7.889,7.902,1589248,201.4,,0,identical to f_a
g_a_proj  replicated,4096,128,1,bf16_matmul,16,warm,1,384,4.438,4.439,4.438,4.433,1057024,238.2,,0,identical to f_a
g_a_proj  replicated,4096,128,1,bf16_matmul,16,coldA,96,384,7.141,7.141,7.140,7.156,1057024,148.0,,0,identical to f_a
g_a_proj  replicated,4096,128,1,bf16_matmul,16,coldB,384,384,7.042,7.042,6.995,8.678,1057024,150.1,,0,identical to f_a
g_a_proj  replicated,4096,128,8,bf16_matmul,16,warm,1,384,4.581,4.942,4.581,4.424,1116160,243.6,,0,identical to f_a
g_a_proj  replicated,4096,128,8,bf16_matmul,16,coldA,96,384,8.842,8.848,8.828,8.842,1116160,126.2,,0,identical to f_a
g_a_proj  replicated,4096,128,8,bf16_matmul,16,coldB,384,384,8.608,8.600,8.608,8.629,1116160,129.7,,0,identical to f_a
g_a_proj  replicated,4096,128,64,bf16_matmul,16,warm,1,384,6.334,6.334,6.322,6.707,1589248,250.9,,0,identical to f_a
g_a_proj  replicated,4096,128,64,bf16_matmul,16,coldA,96,384,8.121,8.121,8.120,8.134,1589248,195.7,,0,identical to f_a
g_a_proj  replicated,4096,128,64,bf16_matmul,16,coldB,384,384,8.561,8.561,10.264,8.374,1589248,185.6,,0,identical to f_a
g_a_proj  replicated,4096,128,1,exl3,4,warm,1,384,5.562,5.566,5.561,5.562,279040,50.2,1.7573,0,identical to f_a
g_a_proj  replicated,4096,128,1,exl3,4,coldA,96,384,6.667,6.654,6.667,6.672,279040,41.9,1.1204,0,identical to f_a
g_a_proj  replicated,4096,128,1,exl3,4,coldB,384,384,7.084,7.085,7.084,7.076,279040,39.4,1.1925,0,identical to f_a
g_a_proj  replicated,4096,128,8,exl3,4,warm,1,384,5.817,5.817,5.817,5.827,338176,58.1,1.1552,0,identical to f_a
g_a_proj  replicated,4096,128,8,exl3,4,coldA,96,384,6.877,6.869,6.877,7.008,338176,49.2,0.8114,0,identical to f_a
g_a_proj  replicated,4096,128,8,exl3,4,coldB,384,384,7.230,7.228,7.230,7.230,338176,46.8,0.8535,0,identical to f_a
g_a_proj  replicated,4096,128,64,exl3,4,warm,1,384,9.230,9.958,9.230,9.121,811264,87.9,1.4386,0,identical to f_a
g_a_proj  replicated,4096,128,64,exl3,4,coldA,96,384,13.136,13.428,13.136,12.212,811264,61.8,1.6448,0,identical to f_a
g_a_proj  replicated,4096,128,64,exl3,4,coldB,384,384,12.478,13.849,12.462,12.478,811264,65.0,1.5810,0,identical to f_a
g_a_proj  replicated,4096,128,1,exl3,5,warm,1,384,6.981,6.986,6.977,6.981,344576,49.4,2.2054,0,identical to f_a
g_a_proj  replicated,4096,128,1,exl3,5,coldA,96,384,8.552,10.444,8.552,8.544,344576,40.3,1.4372,0,identical to f_a
g_a_proj  replicated,4096,128,1,exl3,5,coldB,384,384,8.702,8.702,8.701,8.727,344576,39.6,1.4649,0,identical to f_a
g_a_proj  replicated,4096,128,8,exl3,5,warm,1,384,7.146,7.147,7.146,7.144,403712,56.5,1.4190,0,identical to f_a
g_a_proj  replicated,4096,128,8,exl3,5,coldA,96,384,8.723,9.064,8.723,8.721,403712,46.3,1.0292,0,identical to f_a
g_a_proj  replicated,4096,128,8,exl3,5,coldB,384,384,9.217,10.577,9.217,8.870,403712,43.8,1.0880,0,identical to f_a
g_a_proj  replicated,4096,128,64,exl3,5,warm,1,384,9.147,8.842,9.416,9.147,876800,95.9,1.4256,0,identical to f_a
g_a_proj  replicated,4096,128,64,exl3,5,coldA,96,384,12.415,11.435,12.596,12.415,876800,70.6,1.5544,0,identical to f_a
g_a_proj  replicated,4096,128,64,exl3,5,coldB,384,384,11.491,11.491,13.548,11.474,876800,76.3,1.4558,0,identical to f_a
g_a_proj  replicated,4096,128,1,exl3,6,warm,1,384,5.324,5.321,5.325,5.324,410112,77.0,1.6822,0,identical to f_a
g_a_proj  replicated,4096,128,1,exl3,6,coldA,96,384,7.922,7.932,7.922,7.918,410112,51.8,1.3315,0,identical to f_a
g_a_proj  replicated,4096,128,1,exl3,6,coldB,384,384,7.874,7.874,7.872,7.880,410112,52.1,1.3255,0,identical to f_a
g_a_proj  replicated,4096,128,8,exl3,6,warm,1,384,6.208,6.210,6.208,6.206,469248,75.6,1.2327,0,identical to f_a
g_a_proj  replicated,4096,128,8,exl3,6,coldA,96,384,7.979,7.978,7.991,7.979,469248,58.8,0.9415,0,identical to f_a
g_a_proj  replicated,4096,128,8,exl3,6,coldB,384,384,7.952,7.976,7.952,7.952,469248,59.0,0.9387,0,identical to f_a
g_a_proj  replicated,4096,128,64,exl3,6,warm,1,384,8.859,9.775,8.859,8.856,942336,106.4,1.3808,0,identical to f_a
g_a_proj  replicated,4096,128,64,exl3,6,coldA,96,384,12.518,12.773,12.518,11.518,942336,75.3,1.5674,0,identical to f_a
g_a_proj  replicated,4096,128,64,exl3,6,coldB,384,384,11.483,11.483,11.494,11.464,942336,82.1,1.4549,0,identical to f_a
in_proj_fg_a (fa+ga),4096,256,1,bf16_linear,16,warm,1,200,4.235,4.458,4.235,4.002,2105856,497.2,,34,EXL3 arm of the split
in_proj_fg_a (fa+ga),4096,256,1,bf16_linear,16,coldA,48,200,9.741,9.767,9.741,9.734,2105856,216.2,,34,EXL3 arm of the split
in_proj_fg_a (fa+ga),4096,256,1,bf16_linear,16,coldB,192,200,9.720,9.771,9.720,9.717,2105856,216.6,,34,EXL3 arm of the split
in_proj_fg_a (fa+ga),4096,256,8,bf16_linear,16,warm,1,200,5.273,5.281,5.272,5.273,2166784,410.9,,34,EXL3 arm of the split
in_proj_fg_a (fa+ga),4096,256,8,bf16_linear,16,coldA,48,200,12.079,12.081,12.078,12.079,2166784,179.4,,34,EXL3 arm of the split
in_proj_fg_a (fa+ga),4096,256,8,bf16_linear,16,coldB,192,200,12.248,12.248,12.255,12.248,2166784,176.9,,34,EXL3 arm of the split
in_proj_fg_a (fa+ga),4096,256,64,bf16_linear,16,warm,1,200,6.605,6.594,6.605,6.607,2654208,401.9,,34,EXL3 arm of the split
in_proj_fg_a (fa+ga),4096,256,64,bf16_linear,16,coldA,48,200,11.959,11.959,13.133,11.500,2654208,221.9,,34,EXL3 arm of the split
in_proj_fg_a (fa+ga),4096,256,64,bf16_linear,16,coldB,192,200,11.498,11.506,11.471,11.498,2654208,230.8,,34,EXL3 arm of the split
in_proj_fg_a (fa+ga),4096,256,1,bf16_matmul,16,warm,1,200,7.064,7.065,7.059,7.064,2105856,298.1,,34,EXL3 arm of the split
in_proj_fg_a (fa+ga),4096,256,1,bf16_matmul,16,coldA,48,200,11.122,11.108,11.131,11.122,2105856,189.3,,34,EXL3 arm of the split
in_proj_fg_a (fa+ga),4096,256,1,bf16_matmul,16,coldB,192,200,10.868,10.868,10.857,10.896,2105856,193.8,,34,EXL3 arm of the split
in_proj_fg_a (fa+ga),4096,256,8,bf16_matmul,16,warm,1,200,5.440,5.440,5.432,5.441,2166784,398.3,,34,EXL3 arm of the split
in_proj_fg_a (fa+ga),4096,256,8,bf16_matmul,16,coldA,48,200,13.871,13.905,13.871,13.853,2166784,156.2,,34,EXL3 arm of the split
in_proj_fg_a (fa+ga),4096,256,8,bf16_matmul,16,coldB,192,200,14.539,14.537,14.539,14.551,2166784,149.0,,34,EXL3 arm of the split
in_proj_fg_a (fa+ga),4096,256,64,bf16_matmul,16,warm,1,200,6.771,6.771,6.762,6.777,2654208,392.0,,34,EXL3 arm of the split
in_proj_fg_a (fa+ga),4096,256,64,bf16_matmul,16,coldA,48,200,11.527,11.527,11.539,11.489,2654208,230.3,,34,EXL3 arm of the split
in_proj_fg_a (fa+ga),4096,256,64,bf16_matmul,16,coldB,192,200,11.657,11.657,11.609,12.764,2654208,227.7,,34,EXL3 arm of the split
in_proj_fg_a (fa+ga),4096,256,1,exl3,4,warm,1,200,5.748,5.740,5.748,5.749,541696,94.2,1.3573,34,EXL3 arm of the split
in_proj_fg_a (fa+ga),4096,256,1,exl3,4,coldA,48,200,8.057,6.914,9.073,8.057,541696,67.2,0.8271,34,EXL3 arm of the split
in_proj_fg_a (fa+ga),4096,256,1,exl3,4,coldB,192,200,7.876,7.880,7.866,7.876,541696,68.8,0.8103,34,EXL3 arm of the split
in_proj_fg_a (fa+ga),4096,256,8,exl3,4,warm,1,200,6.007,6.010,6.001,6.007,602624,100.3,1.1391,34,EXL3 arm of the split
in_proj_fg_a (fa+ga),4096,256,8,exl3,4,coldA,48,200,6.641,6.630,6.644,6.641,602624,90.7,0.5498,34,EXL3 arm of the split
in_proj_fg_a (fa+ga),4096,256,8,exl3,4,coldB,192,200,8.021,8.020,8.021,8.024,602624,75.1,0.6549,34,EXL3 arm of the split
in_proj_fg_a (fa+ga),4096,256,64,exl3,4,warm,1,200,10.449,10.464,10.442,10.449,1090048,104.3,1.5821,34,EXL3 arm of the split
in_proj_fg_a (fa+ga),4096,256,64,exl3,4,coldA,48,200,11.580,11.541,11.580,11.589,1090048,94.1,0.9684,34,EXL3 arm of the split
in_proj_fg_a (fa+ga),4096,256,64,exl3,4,coldB,192,200,11.806,11.806,11.802,11.823,1090048,92.3,1.0267,34,EXL3 arm of the split
in_proj_fg_a (fa+ga),4096,256,1,exl3,5,warm,1,200,6.945,6.945,6.928,7.649,672768,96.9,1.6399,34,EXL3 arm of the split
in_proj_fg_a (fa+ga),4096,256,1,exl3,5,coldA,48,200,9.992,9.987,9.992,12.686,672768,67.3,1.0257,34,EXL3 arm of the split
in_proj_fg_a (fa+ga),4096,256,1,exl3,5,coldB,192,200,10.263,10.274,10.256,10.263,672768,65.6,1.0558,34,EXL3 arm of the split
in_proj_fg_a (fa+ga),4096,256,8,exl3,5,warm,1,200,6.410,6.410,6.398,6.412,733696,114.5,1.2155,34,EXL3 arm of the split
in_proj_fg_a (fa+ga),4096,256,8,exl3,5,coldA,48,200,8.438,8.440,8.438,8.415,733696,87.0,0.6986,34,EXL3 arm of the split
in_proj_fg_a (fa+ga),4096,256,8,exl3,5,coldB,192,200,8.727,8.743,8.726,8.727,733696,84.1,0.7125,34,EXL3 arm of the split
in_proj_fg_a (fa+ga),4096,256,64,exl3,5,warm,1,200,12.086,12.085,12.087,12.086,1221120,101.0,1.8299,34,EXL3 arm of the split
in_proj_fg_a (fa+ga),4096,256,64,exl3,5,coldA,48,200,13.511,16.272,13.511,13.454,1221120,90.4,1.1298,34,EXL3 arm of the split
in_proj_fg_a (fa+ga),4096,256,64,exl3,5,coldB,192,200,13.531,13.529,13.531,13.537,1221120,90.2,1.1768,34,EXL3 arm of the split
in_proj_fg_a (fa+ga),4096,256,1,exl3,6,warm,1,200,6.107,6.107,6.094,6.109,803840,131.6,1.4420,34,EXL3 arm of the split
in_proj_fg_a (fa+ga),4096,256,1,exl3,6,coldA,48,200,8.969,8.969,8.970,8.945,803840,89.6,0.9207,34,EXL3 arm of the split
in_proj_fg_a (fa+ga),4096,256,1,exl3,6,coldB,192,200,9.013,9.010,9.015,9.013,803840,89.2,0.9272,34,EXL3 arm of the split
in_proj_fg_a (fa+ga),4096,256,8,exl3,6,warm,1,200,6.404,6.414,6.404,6.402,864768,135.0,1.2144,34,EXL3 arm of the split
in_proj_fg_a (fa+ga),4096,256,8,exl3,6,coldA,48,200,9.144,9.141,9.144,9.169,864768,94.6,0.7570,34,EXL3 arm of the split
in_proj_fg_a (fa+ga),4096,256,8,exl3,6,coldB,192,200,9.178,9.186,9.178,9.163,864768,94.2,0.7493,34,EXL3 arm of the split
in_proj_fg_a (fa+ga),4096,256,64,exl3,6,warm,1,200,10.288,10.285,10.288,10.291,1352192,131.4,1.5576,34,EXL3 arm of the split
in_proj_fg_a (fa+ga),4096,256,64,exl3,6,coldA,48,200,11.802,11.810,11.802,11.791,1352192,114.6,0.9869,34,EXL3 arm of the split
in_proj_fg_a (fa+ga),4096,256,64,exl3,6,coldB,192,200,12.667,11.807,14.765,12.667,1352192,106.7,1.1017,34,EXL3 arm of the split
in_proj_bfg_a TODAY,4096,278,1,bf16_linear,16,warm,1,200,4.351,4.353,4.351,4.351,2286124,525.4,,34,"256 fg_a + 22 b_proj, bf16"
in_proj_bfg_a TODAY,4096,278,1,bf16_linear,16,coldA,45,200,10.612,10.628,10.612,10.607,2286124,215.4,,34,"256 fg_a + 22 b_proj, bf16"
in_proj_bfg_a TODAY,4096,278,1,bf16_linear,16,coldB,177,200,10.627,10.657,10.627,10.614,2286124,215.1,,34,"256 fg_a + 22 b_proj, bf16"
in_proj_bfg_a TODAY,4096,278,8,bf16_linear,16,warm,1,200,6.520,6.520,6.504,6.521,2347360,360.0,,34,"256 fg_a + 22 b_proj, bf16"
in_proj_bfg_a TODAY,4096,278,8,bf16_linear,16,coldA,45,200,13.634,13.634,13.551,15.993,2347360,172.2,,34,"256 fg_a + 22 b_proj, bf16"
in_proj_bfg_a TODAY,4096,278,8,bf16_linear,16,coldB,177,200,15.512,16.279,15.512,14.285,2347360,151.3,,34,"256 fg_a + 22 b_proj, bf16"
in_proj_bfg_a TODAY,4096,278,64,bf16_linear,16,warm,1,200,10.343,10.336,10.353,10.343,2837248,274.3,,34,"256 fg_a + 22 b_proj, bf16"
in_proj_bfg_a TODAY,4096,278,64,bf16_linear,16,coldA,45,200,14.286,14.286,14.243,14.289,2837248,198.6,,34,"256 fg_a + 22 b_proj, bf16"
in_proj_bfg_a TODAY,4096,278,64,bf16_linear,16,coldB,177,200,15.016,14.990,15.048,15.016,2837248,188.9,,34,"256 fg_a + 22 b_proj, bf16"
in_proj_bfg_a TODAY,4096,278,1,bf16_matmul,16,warm,1,200,5.998,5.994,6.002,5.998,2286124,381.2,,34,"256 fg_a + 22 b_proj, bf16"
in_proj_bfg_a TODAY,4096,278,1,bf16_matmul,16,coldA,45,200,14.327,15.699,14.327,13.867,2286124,159.6,,34,"256 fg_a + 22 b_proj, bf16"
in_proj_bfg_a TODAY,4096,278,1,bf16_matmul,16,coldB,177,200,13.584,13.584,13.572,13.613,2286124,168.3,,34,"256 fg_a + 22 b_proj, bf16"
in_proj_bfg_a TODAY,4096,278,8,bf16_matmul,16,warm,1,200,8.174,8.167,8.174,8.174,2347360,287.2,,34,"256 fg_a + 22 b_proj, bf16"
in_proj_bfg_a TODAY,4096,278,8,bf16_matmul,16,coldA,45,200,16.619,16.619,16.655,16.613,2347360,141.2,,34,"256 fg_a + 22 b_proj, bf16"
in_proj_bfg_a TODAY,4096,278,8,bf16_matmul,16,coldB,177,200,16.511,16.511,16.508,16.539,2347360,142.2,,34,"256 fg_a + 22 b_proj, bf16"
in_proj_bfg_a TODAY,4096,278,64,bf16_matmul,16,warm,1,200,9.476,9.476,9.477,9.470,2837248,299.4,,34,"256 fg_a + 22 b_proj, bf16"
in_proj_bfg_a TODAY,4096,278,64,bf16_matmul,16,coldA,45,200,16.143,17.949,16.132,16.143,2837248,175.8,,34,"256 fg_a + 22 b_proj, bf16"
in_proj_bfg_a TODAY,4096,278,64,bf16_matmul,16,coldB,177,200,16.273,16.273,16.278,16.232,2837248,174.4,,34,"256 fg_a + 22 b_proj, bf16"
in_proj_b  TP3/rank,4096,22,1,bf16_linear,16,warm,1,2235,2.575,2.576,2.575,2.575,188460,73.2,,34,"64->66 pad /3 = 22, not 128-aligned"
in_proj_b  TP3/rank,4096,22,1,bf16_linear,16,coldA,559,2235,3.608,3.609,3.605,3.608,188460,52.2,,34,"64->66 pad /3 = 22, not 128-aligned"
in_proj_b  TP3/rank,4096,22,1,bf16_linear,16,coldB,2235,2235,3.596,3.595,3.601,3.596,188460,52.4,,34,"64->66 pad /3 = 22, not 128-aligned"
in_proj_b  TP3/rank,4096,22,8,bf16_linear,16,warm,1,2235,4.059,4.059,4.059,4.057,246112,60.6,,34,"64->66 pad /3 = 22, not 128-aligned"
in_proj_b  TP3/rank,4096,22,8,bf16_linear,16,coldA,559,2235,5.634,5.635,5.634,5.630,246112,43.7,,34,"64->66 pad /3 = 22, not 128-aligned"
in_proj_b  TP3/rank,4096,22,8,bf16_linear,16,coldB,2235,2235,5.630,5.630,5.625,5.739,246112,43.7,,34,"64->66 pad /3 = 22, not 128-aligned"
in_proj_b  TP3/rank,4096,22,64,bf16_linear,16,warm,1,2235,4.644,4.649,4.481,4.644,707328,152.3,,34,"64->66 pad /3 = 22, not 128-aligned"
in_proj_b  TP3/rank,4096,22,64,bf16_linear,16,coldA,559,2235,6.220,6.225,6.220,5.829,707328,113.7,,34,"64->66 pad /3 = 22, not 128-aligned"
in_proj_b  TP3/rank,4096,22,64,bf16_linear,16,coldB,2235,2235,6.198,6.198,5.816,6.220,707328,114.1,,34,"64->66 pad /3 = 22, not 128-aligned"
in_proj_b  TP3/rank,4096,22,1,bf16_matmul,16,warm,1,2235,3.967,3.970,3.967,3.965,188460,47.5,,34,"64->66 pad /3 = 22, not 128-aligned"
in_proj_b  TP3/rank,4096,22,1,bf16_matmul,16,coldA,559,2235,5.413,5.410,5.413,5.416,188460,34.8,,34,"64->66 pad /3 = 22, not 128-aligned"
in_proj_b  TP3/rank,4096,22,1,bf16_matmul,16,coldB,2235,2235,5.403,5.403,5.399,5.517,188460,34.9,,34,"64->66 pad /3 = 22, not 128-aligned"
in_proj_b  TP3/rank,4096,22,8,bf16_matmul,16,warm,1,2235,37.502,37.500,37.542,37.502,246112,6.6,,34,"64->66 pad /3 = 22, not 128-aligned"
in_proj_b  TP3/rank,4096,22,8,bf16_matmul,16,coldA,559,2235,37.759,37.770,37.759,37.757,246112,6.5,,34,"64->66 pad /3 = 22, not 128-aligned"
in_proj_b  TP3/rank,4096,22,8,bf16_matmul,16,coldB,2235,2235,37.764,37.764,37.825,37.756,246112,6.5,,34,"64->66 pad /3 = 22, not 128-aligned"
in_proj_b  TP3/rank,4096,22,64,bf16_matmul,16,warm,1,2235,5.545,5.545,5.542,5.547,707328,127.6,,34,"64->66 pad /3 = 22, not 128-aligned"
in_proj_b  TP3/rank,4096,22,64,bf16_matmul,16,coldA,559,2235,7.182,7.181,7.182,7.581,707328,98.5,,34,"64->66 pad /3 = 22, not 128-aligned"
in_proj_b  TP3/rank,4096,22,64,bf16_matmul,16,coldB,2235,2235,7.181,7.174,7.567,7.181,707328,98.5,,34,"64->66 pad /3 = 22, not 128-aligned"
b_proj replicated,4096,128,1,bf16_linear,16,warm,1,384,3.802,3.802,4.439,3.776,1057024,278.0,,0,64 -> 128 pad if replicated
b_proj replicated,4096,128,1,bf16_linear,16,coldA,96,384,5.935,5.936,5.935,5.935,1057024,178.1,,0,64 -> 128 pad if replicated
b_proj replicated,4096,128,1,bf16_linear,16,coldB,384,384,6.150,5.961,6.150,7.139,1057024,171.9,,0,64 -> 128 pad if replicated
b_proj replicated,4096,128,8,bf16_linear,16,warm,1,384,4.618,4.619,4.618,4.611,1116160,241.7,,0,64 -> 128 pad if replicated
b_proj replicated,4096,128,8,bf16_linear,16,coldA,96,384,8.485,8.492,8.485,8.485,1116160,131.5,,0,64 -> 128 pad if replicated
b_proj replicated,4096,128,8,bf16_linear,16,coldB,384,384,8.471,8.473,8.454,8.471,1116160,131.8,,0,64 -> 128 pad if replicated
b_proj replicated,4096,128,64,bf16_linear,16,warm,1,384,6.276,6.276,6.273,6.292,1589248,253.2,,0,64 -> 128 pad if replicated
b_proj replicated,4096,128,64,bf16_linear,16,coldA,96,384,8.362,7.916,8.362,9.423,1589248,190.0,,0,64 -> 128 pad if replicated
b_proj replicated,4096,128,64,bf16_linear,16,coldB,384,384,7.866,7.868,7.866,7.859,1589248,202.0,,0,64 -> 128 pad if replicated
b_proj replicated,4096,128,1,bf16_matmul,16,warm,1,384,4.497,4.491,4.497,4.501,1057024,235.0,,0,64 -> 128 pad if replicated
b_proj replicated,4096,128,1,bf16_matmul,16,coldA,96,384,7.144,7.144,7.145,7.137,1057024,148.0,,0,64 -> 128 pad if replicated
b_proj replicated,4096,128,1,bf16_matmul,16,coldB,384,384,7.009,7.009,7.017,7.005,1057024,150.8,,0,64 -> 128 pad if replicated
b_proj replicated,4096,128,8,bf16_matmul,16,warm,1,384,4.472,4.472,4.470,4.478,1116160,249.6,,0,64 -> 128 pad if replicated
b_proj replicated,4096,128,8,bf16_matmul,16,coldA,96,384,8.768,8.768,8.768,8.795,1116160,127.3,,0,64 -> 128 pad if replicated
b_proj replicated,4096,128,8,bf16_matmul,16,coldB,384,384,8.614,8.597,8.614,8.620,1116160,129.6,,0,64 -> 128 pad if replicated
b_proj replicated,4096,128,64,bf16_matmul,16,warm,1,384,6.463,6.479,6.458,6.463,1589248,245.9,,0,64 -> 128 pad if replicated
b_proj replicated,4096,128,64,bf16_matmul,16,coldA,96,384,8.178,8.178,8.176,8.197,1589248,194.3,,0,64 -> 128 pad if replicated
b_proj replicated,4096,128,64,bf16_matmul,16,coldB,384,384,8.387,8.395,8.387,8.383,1589248,189.5,,0,64 -> 128 pad if replicated
b_proj replicated,4096,128,1,exl3,4,warm,1,384,5.577,5.583,5.577,5.575,279040,50.0,1.4670,0,64 -> 128 pad if replicated
b_proj replicated,4096,128,1,exl3,4,coldA,96,384,6.854,6.858,6.854,6.850,279040,40.7,1.1548,0,64 -> 128 pad if replicated
b_proj replicated,4096,128,1,exl3,4,coldB,384,384,7.104,7.104,7.101,7.125,279040,39.3,1.1551,0,64 -> 128 pad if replicated
b_proj replicated,4096,128,8,exl3,4,warm,1,384,5.864,5.868,5.864,5.858,338176,57.7,1.2699,0,64 -> 128 pad if replicated
b_proj replicated,4096,128,8,exl3,4,coldA,96,384,6.741,6.741,6.753,6.730,338176,50.2,0.7944,0,64 -> 128 pad if replicated
b_proj replicated,4096,128,8,exl3,4,coldB,384,384,7.263,7.263,7.256,9.014,338176,46.6,0.8575,0,64 -> 128 pad if replicated
b_proj replicated,4096,128,64,exl3,4,warm,1,384,9.168,9.162,9.168,9.189,811264,88.5,1.4607,0,64 -> 128 pad if replicated
b_proj replicated,4096,128,64,exl3,4,coldA,96,384,12.083,12.059,12.083,13.786,811264,67.1,1.4450,0,64 -> 128 pad if replicated
b_proj replicated,4096,128,64,exl3,4,coldB,384,384,13.493,12.519,13.769,13.493,811264,60.1,1.7154,0,64 -> 128 pad if replicated
b_proj replicated,4096,128,1,exl3,5,warm,1,384,7.257,7.407,7.257,7.150,344576,47.5,1.9090,0,64 -> 128 pad if replicated
b_proj replicated,4096,128,1,exl3,5,coldA,96,384,8.387,8.387,8.381,8.389,344576,41.1,1.4131,0,64 -> 128 pad if replicated
b_proj replicated,4096,128,1,exl3,5,coldB,384,384,8.694,8.697,8.693,8.694,344576,39.6,1.4137,0,64 -> 128 pad if replicated
b_proj replicated,4096,128,8,exl3,5,warm,1,384,7.156,7.157,7.156,7.156,403712,56.4,1.5498,0,64 -> 128 pad if replicated
b_proj replicated,4096,128,8,exl3,5,coldA,96,384,8.564,8.560,8.564,8.582,403712,47.1,1.0093,0,64 -> 128 pad if replicated
b_proj replicated,4096,128,8,exl3,5,coldB,384,384,8.867,8.867,8.864,10.901,403712,45.5,1.0467,0,64 -> 128 pad if replicated
b_proj replicated,4096,128,64,exl3,5,warm,1,384,8.863,8.863,8.864,8.851,876800,98.9,1.4121,0,64 -> 128 pad if replicated
b_proj replicated,4096,128,64,exl3,5,coldA,96,384,11.342,11.342,11.322,12.636,876800,77.3,1.3563,0,64 -> 128 pad if replicated
b_proj replicated,4096,128,64,exl3,5,coldB,384,384,11.491,11.491,11.481,13.722,876800,76.3,1.4609,0,64 -> 128 pad if replicated
b_proj replicated,4096,128,1,exl3,6,warm,1,384,5.345,5.351,5.336,5.345,410112,76.7,1.4060,0,64 -> 128 pad if replicated
b_proj replicated,4096,128,1,exl3,6,coldA,96,384,7.861,7.900,7.861,7.859,410112,52.2,1.3245,0,64 -> 128 pad if replicated
b_proj replicated,4096,128,1,exl3,6,coldB,384,384,7.917,7.910,7.917,7.920,410112,51.8,1.2872,0,64 -> 128 pad if replicated
b_proj replicated,4096,128,8,exl3,6,warm,1,384,6.219,6.222,6.218,6.219,469248,75.5,1.3468,0,64 -> 128 pad if replicated
b_proj replicated,4096,128,8,exl3,6,coldA,96,384,7.937,7.937,7.961,7.937,469248,59.1,0.9355,0,64 -> 128 pad if replicated
b_proj replicated,4096,128,8,exl3,6,coldB,384,384,8.050,9.980,8.050,7.946,469248,58.3,0.9503,0,64 -> 128 pad if replicated
b_proj replicated,4096,128,64,exl3,6,warm,1,384,8.937,8.846,9.524,8.937,942336,105.4,1.4239,0,64 -> 128 pad if replicated
b_proj replicated,4096,128,64,exl3,6,coldA,96,384,11.739,11.451,13.240,11.739,942336,80.3,1.4038,0,64 -> 128 pad if replicated
b_proj replicated,4096,128,64,exl3,6,coldB,384,384,11.433,11.423,13.641,11.433,942336,82.4,1.4535,0,64 -> 128 pad if replicated
kv_b_proj replicated,512,32768,1,bf16_linear,16,warm,1,200,131.655,131.655,130.260,132.244,33620992,255.4,,11,kernel would be needed (per-head batched)
kv_b_proj replicated,512,32768,1,bf16_linear,16,coldA,3,200,131.230,134.666,131.217,131.230,33620992,256.2,,11,kernel would be needed (per-head batched)
kv_b_proj replicated,512,32768,1,bf16_linear,16,coldB,12,200,132.004,131.893,132.011,132.004,33620992,254.7,,11,kernel would be needed (per-head batched)
kv_b_proj replicated,512,32768,8,bf16_linear,16,warm,1,200,136.610,136.934,136.610,135.174,34086912,249.5,,11,kernel would be needed (per-head batched)
kv_b_proj replicated,512,32768,8,bf16_linear,16,coldA,3,200,136.403,136.913,136.403,136.309,34086912,249.9,,11,kernel would be needed (per-head batched)
kv_b_proj replicated,512,32768,8,bf16_linear,16,coldB,12,200,139.326,139.886,139.326,139.181,34086912,244.7,,11,kernel would be needed (per-head batched)
kv_b_proj replicated,512,32768,64,bf16_linear,16,warm,1,200,156.488,156.488,160.547,153.721,37814272,241.6,,11,kernel would be needed (per-head batched)
kv_b_proj replicated,512,32768,64,bf16_linear,16,coldA,3,200,155.045,155.045,153.010,157.615,37814272,243.9,,11,kernel would be needed (per-head batched)
kv_b_proj replicated,512,32768,64,bf16_linear,16,coldB,12,200,154.092,154.092,157.763,152.725,37814272,245.4,,11,kernel would be needed (per-head batched)
kv_b_proj replicated,512,32768,1,bf16_matmul,16,warm,1,200,138.392,138.462,138.392,138.387,33620992,242.9,,11,kernel would be needed (per-head batched)
kv_b_proj replicated,512,32768,1,bf16_matmul,16,coldA,3,200,139.024,138.984,139.337,139.024,33620992,241.8,,11,kernel would be needed (per-head batched)
kv_b_proj replicated,512,32768,1,bf16_matmul,16,coldB,12,200,137.722,138.830,137.722,137.632,33620992,244.1,,11,kernel would be needed (per-head batched)
kv_b_proj replicated,512,32768,8,bf16_matmul,16,warm,1,200,293.149,293.201,292.987,293.149,34086912,116.3,,11,kernel would be needed (per-head batched)
kv_b_proj replicated,512,32768,8,bf16_matmul,16,coldA,3,200,281.018,281.647,281.018,280.671,34086912,121.3,,11,kernel would be needed (per-head batched)
kv_b_proj replicated,512,32768,8,bf16_matmul,16,coldB,12,200,270.541,270.541,271.213,270.473,34086912,126.0,,11,kernel would be needed (per-head batched)
kv_b_proj replicated,512,32768,64,bf16_matmul,16,warm,1,200,158.461,158.396,158.461,161.855,37814272,238.6,,11,kernel would be needed (per-head batched)
kv_b_proj replicated,512,32768,64,bf16_matmul,16,coldA,3,200,158.384,161.778,158.384,158.332,37814272,238.8,,11,kernel would be needed (per-head batched)
kv_b_proj replicated,512,32768,64,bf16_matmul,16,coldB,12,200,157.771,157.702,157.789,157.771,37814272,239.7,,11,kernel would be needed (per-head batched)
kv_b_proj replicated,512,32768,1,exl3,4,warm,1,200,16.883,16.882,16.895,16.883,8521728,504.8,0.1282,11,kernel would be needed (per-head batched)
kv_b_proj replicated,512,32768,1,exl3,4,coldA,3,200,29.508,30.145,29.508,27.889,8521728,288.8,0.2249,11,kernel would be needed (per-head batched)
kv_b_proj replicated,512,32768,1,exl3,4,coldB,12,200,40.584,41.882,38.462,40.584,8521728,210.0,0.3074,11,kernel would be needed (per-head batched)
kv_b_proj replicated,512,32768,8,exl3,4,warm,1,200,17.644,17.653,17.644,17.642,8987648,509.4,0.1292,11,kernel would be needed (per-head batched)
kv_b_proj replicated,512,32768,8,exl3,4,coldA,3,200,28.977,28.350,31.661,28.977,8987648,310.2,0.2124,11,kernel would be needed (per-head batched)
kv_b_proj replicated,512,32768,8,exl3,4,coldB,12,200,40.564,40.936,40.564,38.573,8987648,221.6,0.2911,11,kernel would be needed (per-head batched)
kv_b_proj replicated,512,32768,64,exl3,4,warm,1,200,42.355,42.138,44.007,42.355,12715008,300.2,0.2707,11,kernel would be needed (per-head batched)
kv_b_proj replicated,512,32768,64,exl3,4,coldA,3,200,51.524,51.463,54.638,51.524,12715008,246.8,0.3323,11,kernel would be needed (per-head batched)
kv_b_proj replicated,512,32768,64,exl3,4,coldB,12,200,59.846,59.846,56.720,59.930,12715008,212.5,0.3884,11,kernel would be needed (per-head batched)
kv_b_proj replicated,512,32768,1,exl3,5,warm,1,200,19.856,21.619,19.851,19.856,10618880,534.8,0.1508,11,kernel would be needed (per-head batched)
kv_b_proj replicated,512,32768,1,exl3,5,coldA,3,200,42.156,43.311,40.527,42.156,10618880,251.9,0.3212,11,kernel would be needed (per-head batched)
kv_b_proj replicated,512,32768,1,exl3,5,coldB,12,200,44.752,44.752,49.000,44.679,10618880,237.3,0.3390,11,kernel would be needed (per-head batched)
kv_b_proj replicated,512,32768,8,exl3,5,warm,1,200,20.706,20.706,20.713,20.700,11084800,535.3,0.1516,11,kernel would be needed (per-head batched)
kv_b_proj replicated,512,32768,8,exl3,5,coldA,3,200,42.249,42.660,41.884,42.249,11084800,262.4,0.3097,11,kernel would be needed (per-head batched)
kv_b_proj replicated,512,32768,8,exl3,5,coldB,12,200,45.078,45.072,45.137,45.078,11084800,245.9,0.3235,11,kernel would be needed (per-head batched)
kv_b_proj replicated,512,32768,64,exl3,5,warm,1,200,44.098,43.919,46.003,44.098,14812160,335.9,0.2818,11,kernel would be needed (per-head batched)
kv_b_proj replicated,512,32768,64,exl3,5,coldA,3,200,54.169,54.119,57.808,54.169,14812160,273.4,0.3494,11,kernel would be needed (per-head batched)
kv_b_proj replicated,512,32768,64,exl3,5,coldB,12,200,58.023,58.240,54.201,58.023,14812160,255.3,0.3765,11,kernel would be needed (per-head batched)
kv_b_proj replicated,512,32768,1,exl3,6,warm,1,200,20.168,21.794,20.168,20.130,12716032,630.5,0.1532,11,kernel would be needed (per-head batched)
kv_b_proj replicated,512,32768,1,exl3,6,coldA,3,200,54.055,54.055,54.298,53.704,12716032,235.2,0.4119,11,kernel would be needed (per-head batched)
kv_b_proj replicated,512,32768,1,exl3,6,coldB,12,200,52.672,53.352,52.558,52.672,12716032,241.4,0.3990,11,kernel would be needed (per-head batched)
kv_b_proj replicated,512,32768,8,exl3,6,warm,1,200,20.928,20.928,20.910,20.945,13181952,629.9,0.1532,11,kernel would be needed (per-head batched)
kv_b_proj replicated,512,32768,8,exl3,6,coldA,3,200,55.204,55.204,55.796,55.069,13181952,238.8,0.4047,11,kernel would be needed (per-head batched)
kv_b_proj replicated,512,32768,8,exl3,6,coldB,12,200,53.464,53.464,57.122,53.040,13181952,246.6,0.3837,11,kernel would be needed (per-head batched)
kv_b_proj replicated,512,32768,64,exl3,6,warm,1,200,44.797,45.640,44.515,44.797,16909312,377.5,0.2863,11,kernel would be needed (per-head batched)
kv_b_proj replicated,512,32768,64,exl3,6,coldA,3,200,63.167,66.884,63.138,63.167,16909312,267.7,0.4074,11,kernel would be needed (per-head batched)
kv_b_proj replicated,512,32768,64,exl3,6,coldB,12,200,64.669,64.669,62.457,65.422,16909312,261.5,0.4197,11,kernel would be needed (per-head batched)
kv_b_proj TP3 22head,512,11264,1,bf16_linear,16,warm,1,200,11.334,12.263,11.334,11.323,11557888,1019.8,,11,kernel would be needed (per-head batched)
kv_b_proj TP3 22head,512,11264,1,bf16_linear,16,coldA,9,200,48.447,49.851,48.447,46.591,11557888,238.6,,11,kernel would be needed (per-head batched)
kv_b_proj TP3 22head,512,11264,1,bf16_linear,16,coldB,35,200,48.737,49.241,48.737,46.876,11557888,237.1,,11,kernel would be needed (per-head batched)
kv_b_proj TP3 22head,512,11264,8,bf16_linear,16,warm,1,200,12.241,12.262,12.235,12.241,11722752,957.7,,11,kernel would be needed (per-head batched)
kv_b_proj TP3 22head,512,11264,8,bf16_linear,16,coldA,9,200,48.372,48.648,48.372,46.492,11722752,242.3,,11,kernel would be needed (per-head batched)
kv_b_proj TP3 22head,512,11264,8,bf16_linear,16,coldB,35,200,47.442,47.442,50.055,47.414,11722752,247.1,,11,kernel would be needed (per-head batched)
kv_b_proj TP3 22head,512,11264,64,bf16_linear,16,warm,1,200,27.182,27.163,27.182,28.096,13041664,479.8,,11,kernel would be needed (per-head batched)
kv_b_proj TP3 22head,512,11264,64,bf16_linear,16,coldA,9,200,50.774,50.774,51.186,48.757,13041664,256.9,,11,kernel would be needed (per-head batched)
kv_b_proj TP3 22head,512,11264,64,bf16_linear,16,coldB,35,200,49.333,50.196,49.333,47.518,13041664,264.4,,11,kernel would be needed (per-head batched)
kv_b_proj TP3 22head,512,11264,1,bf16_matmul,16,warm,1,200,15.136,15.136,15.116,15.422,11557888,763.6,,11,kernel would be needed (per-head batched)
kv_b_proj TP3 22head,512,11264,1,bf16_matmul,16,coldA,9,200,78.014,79.824,78.014,76.676,11557888,148.2,,11,kernel would be needed (per-head batched)
kv_b_proj TP3 22head,512,11264,1,bf16_matmul,16,coldB,35,200,75.695,75.695,75.754,75.667,11557888,152.7,,11,kernel would be needed (per-head batched)
kv_b_proj TP3 22head,512,11264,8,bf16_matmul,16,warm,1,200,17.715,17.728,17.715,17.715,11722752,661.7,,11,kernel would be needed (per-head batched)
kv_b_proj TP3 22head,512,11264,8,bf16_matmul,16,coldA,9,200,49.210,49.210,53.319,49.144,11722752,238.2,,11,kernel would be needed (per-head batched)
kv_b_proj TP3 22head,512,11264,8,bf16_matmul,16,coldB,35,200,49.299,49.198,49.299,49.314,11722752,237.8,,11,kernel would be needed (per-head batched)
kv_b_proj TP3 22head,512,11264,64,bf16_matmul,16,warm,1,200,17.803,17.803,18.153,17.213,13041664,732.5,,11,kernel would be needed (per-head batched)
kv_b_proj TP3 22head,512,11264,64,bf16_matmul,16,coldA,9,200,51.987,52.384,51.987,50.306,13041664,250.9,,11,kernel would be needed (per-head batched)
kv_b_proj TP3 22head,512,11264,64,bf16_matmul,16,coldB,35,200,49.796,49.796,49.811,49.652,13041664,261.9,,11,kernel would be needed (per-head batched)
kv_b_proj TP3 22head,512,11264,1,exl3,4,warm,1,200,8.664,8.664,8.814,8.164,2930688,338.3,0.7644,11,kernel would be needed (per-head batched)
kv_b_proj TP3 22head,512,11264,1,exl3,4,coldA,9,200,11.947,11.932,11.947,12.011,2930688,245.3,0.2466,11,kernel would be needed (per-head batched)
kv_b_proj TP3 22head,512,11264,1,exl3,4,coldB,35,200,16.389,16.389,16.430,16.359,2930688,178.8,0.3363,11,kernel would be needed (per-head batched)
kv_b_proj TP3 22head,512,11264,8,exl3,4,warm,1,200,8.345,8.345,8.351,8.331,3095552,371.0,0.6817,11,kernel would be needed (per-head batched)
kv_b_proj TP3 22head,512,11264,8,exl3,4,coldA,9,200,12.082,12.107,12.055,12.082,3095552,256.2,0.2498,11,kernel would be needed (per-head batched)
kv_b_proj TP3 22head,512,11264,8,exl3,4,coldB,35,200,16.579,16.616,16.562,16.579,3095552,186.7,0.3495,11,kernel would be needed (per-head batched)
kv_b_proj TP3 22head,512,11264,64,exl3,4,warm,1,200,16.492,17.773,16.492,16.489,4414464,267.7,0.6067,11,kernel would be needed (per-head batched)
kv_b_proj TP3 22head,512,11264,64,exl3,4,coldA,9,200,18.156,18.156,18.150,18.385,4414464,243.1,0.3576,11,kernel would be needed (per-head batched)
kv_b_proj TP3 22head,512,11264,64,exl3,4,coldB,35,200,20.968,23.686,20.968,20.766,4414464,210.5,0.4250,11,kernel would be needed (per-head batched)
kv_b_proj TP3 22head,512,11264,1,exl3,5,warm,1,200,9.563,8.954,9.969,9.563,3651584,381.9,0.8437,11,kernel would be needed (per-head batched)
kv_b_proj TP3 22head,512,11264,1,exl3,5,coldA,9,200,18.513,19.569,18.513,16.957,3651584,197.2,0.3821,11,kernel would be needed (per-head batched)
kv_b_proj TP3 22head,512,11264,1,exl3,5,coldB,35,200,19.058,18.979,19.058,19.329,3651584,191.6,0.3910,11,kernel would be needed (per-head batched)
kv_b_proj TP3 22head,512,11264,8,exl3,5,warm,1,200,9.363,9.362,9.363,10.274,3816448,407.6,0.7649,11,kernel would be needed (per-head batched)
kv_b_proj TP3 22head,512,11264,8,exl3,5,coldA,9,200,17.409,17.409,17.427,17.340,3816448,219.2,0.3599,11,kernel would be needed (per-head batched)
kv_b_proj TP3 22head,512,11264,8,exl3,5,coldB,35,200,19.180,19.179,19.225,19.180,3816448,199.0,0.4043,11,kernel would be needed (per-head batched)
kv_b_proj TP3 22head,512,11264,64,exl3,5,warm,1,200,21.331,22.517,21.331,21.282,5135360,240.7,0.7848,11,kernel would be needed (per-head batched)
kv_b_proj TP3 22head,512,11264,64,exl3,5,coldA,9,200,28.115,28.115,30.373,27.717,5135360,182.7,0.5537,11,kernel would be needed (per-head batched)
kv_b_proj TP3 22head,512,11264,64,exl3,5,coldB,35,200,29.590,29.590,30.401,28.777,5135360,173.6,0.5998,11,kernel would be needed (per-head batched)
kv_b_proj TP3 22head,512,11264,1,exl3,6,warm,1,200,9.532,10.182,9.532,9.102,4372480,458.7,0.8410,11,kernel would be needed (per-head batched)
kv_b_proj TP3 22head,512,11264,1,exl3,6,coldA,9,200,21.514,21.491,21.514,21.527,4372480,203.2,0.4441,11,kernel would be needed (per-head batched)
kv_b_proj TP3 22head,512,11264,1,exl3,6,coldB,35,200,21.516,21.516,21.576,21.499,4372480,203.2,0.4415,11,kernel would be needed (per-head batched)
kv_b_proj TP3 22head,512,11264,8,exl3,6,warm,1,200,9.468,9.488,9.462,9.468,4537344,479.3,0.7734,11,kernel would be needed (per-head batched)
kv_b_proj TP3 22head,512,11264,8,exl3,6,coldA,9,200,21.679,21.679,21.741,21.660,4537344,209.3,0.4482,11,kernel would be needed (per-head batched)
kv_b_proj TP3 22head,512,11264,8,exl3,6,coldB,35,200,23.370,24.197,23.370,21.750,4537344,194.2,0.4926,11,kernel would be needed (per-head batched)
kv_b_proj TP3 22head,512,11264,64,exl3,6,warm,1,200,17.213,17.213,17.234,17.206,5856256,340.2,0.6333,11,kernel would be needed (per-head batched)
kv_b_proj TP3 22head,512,11264,64,exl3,6,coldA,9,200,25.767,26.095,25.601,25.767,5856256,227.3,0.5075,11,kernel would be needed (per-head batched)
kv_b_proj TP3 22head,512,11264,64,exl3,6,coldB,35,200,25.736,27.150,25.736,25.714,5856256,227.6,0.5217,11,kernel would be needed (per-head batched)
CTRL 4096x4096,4096,4096,1,bf16_linear,16,warm,1,200,164.731,165.210,164.731,164.710,33570816,203.8,,0,cuda-exl3 issue #5 control shape
CTRL 4096x4096,4096,4096,1,bf16_linear,16,coldA,3,200,183.986,183.986,183.837,184.012,33570816,182.5,,0,cuda-exl3 issue #5 control shape
CTRL 4096x4096,4096,4096,1,bf16_linear,16,coldB,12,200,185.740,185.740,185.776,185.739,33570816,180.7,,0,cuda-exl3 issue #5 control shape
CTRL 4096x4096,4096,4096,8,bf16_linear,16,warm,1,200,121.327,121.264,121.365,121.327,33685504,277.6,,0,cuda-exl3 issue #5 control shape
CTRL 4096x4096,4096,4096,8,bf16_linear,16,coldA,3,200,139.523,139.523,139.490,139.728,33685504,241.4,,0,cuda-exl3 issue #5 control shape
CTRL 4096x4096,4096,4096,8,bf16_linear,16,coldB,12,200,144.463,144.858,144.329,144.463,33685504,233.2,,0,cuda-exl3 issue #5 control shape
CTRL 4096x4096,4096,4096,64,bf16_linear,16,warm,1,200,129.960,133.855,129.856,129.960,34603008,266.3,,0,cuda-exl3 issue #5 control shape
CTRL 4096x4096,4096,4096,64,bf16_linear,16,coldA,3,200,145.980,146.244,145.980,145.945,34603008,237.0,,0,cuda-exl3 issue #5 control shape
CTRL 4096x4096,4096,4096,64,bf16_linear,16,coldB,12,200,153.285,152.662,153.285,153.811,34603008,225.7,,0,cuda-exl3 issue #5 control shape
CTRL 4096x4096,4096,4096,1,bf16_matmul,16,warm,1,200,136.386,136.386,136.343,140.997,33570816,246.1,,0,cuda-exl3 issue #5 control shape
CTRL 4096x4096,4096,4096,1,bf16_matmul,16,coldA,3,200,138.744,139.801,138.744,138.581,33570816,242.0,,0,cuda-exl3 issue #5 control shape
CTRL 4096x4096,4096,4096,1,bf16_matmul,16,coldB,12,200,138.928,138.911,139.018,138.928,33570816,241.6,,0,cuda-exl3 issue #5 control shape
CTRL 4096x4096,4096,4096,8,bf16_matmul,16,warm,1,200,133.843,133.262,136.990,133.843,33685504,251.7,,0,cuda-exl3 issue #5 control shape
CTRL 4096x4096,4096,4096,8,bf16_matmul,16,coldA,3,200,134.380,134.300,134.380,135.196,33685504,250.7,,0,cuda-exl3 issue #5 control shape
CTRL 4096x4096,4096,4096,8,bf16_matmul,16,coldB,12,200,135.244,135.244,135.345,135.205,33685504,249.1,,0,cuda-exl3 issue #5 control shape
CTRL 4096x4096,4096,4096,64,bf16_matmul,16,warm,1,200,135.241,135.241,135.336,135.205,34603008,255.9,,0,cuda-exl3 issue #5 control shape
CTRL 4096x4096,4096,4096,64,bf16_matmul,16,coldA,3,200,134.786,134.786,134.810,134.648,34603008,256.7,,0,cuda-exl3 issue #5 control shape
CTRL 4096x4096,4096,4096,64,bf16_matmul,16,coldB,12,200,134.588,134.663,134.522,134.588,34603008,257.1,,0,cuda-exl3 issue #5 control shape
CTRL 4096x4096,4096,4096,1,exl3,4,warm,1,200,17.069,17.056,17.069,17.079,8421376,493.4,0.1036,0,cuda-exl3 issue #5 control shape
CTRL 4096x4096,4096,4096,1,exl3,4,coldA,3,200,29.551,33.570,29.551,29.527,8421376,285.0,0.1606,0,cuda-exl3 issue #5 control shape
CTRL 4096x4096,4096,4096,1,exl3,4,coldB,12,200,40.026,40.026,38.632,42.135,8421376,210.4,0.2155,0,cuda-exl3 issue #5 control shape
CTRL 4096x4096,4096,4096,8,exl3,4,warm,1,200,17.440,17.434,17.440,18.351,8536064,489.5,0.1437,0,cuda-exl3 issue #5 control shape
CTRL 4096x4096,4096,4096,8,exl3,4,coldA,3,200,32.836,32.836,31.012,33.081,8536064,260.0,0.2353,0,cuda-exl3 issue #5 control shape
CTRL 4096x4096,4096,4096,8,exl3,4,coldB,12,200,39.312,38.536,42.059,39.312,8536064,217.1,0.2721,0,cuda-exl3 issue #5 control shape
CTRL 4096x4096,4096,4096,64,exl3,4,warm,1,200,38.025,37.888,38.025,39.610,9453568,248.6,0.2926,0,cuda-exl3 issue #5 control shape
CTRL 4096x4096,4096,4096,64,exl3,4,coldA,3,200,41.636,42.182,41.636,40.128,9453568,227.1,0.2852,0,cuda-exl3 issue #5 control shape
CTRL 4096x4096,4096,4096,64,exl3,4,coldB,12,200,46.274,46.274,47.077,46.259,9453568,204.3,0.3019,0,cuda-exl3 issue #5 control shape
CTRL 4096x4096,4096,4096,1,exl3,5,warm,1,200,19.493,19.466,19.493,19.550,10518528,539.6,0.1183,0,cuda-exl3 issue #5 control shape
CTRL 4096x4096,4096,4096,1,exl3,5,coldA,3,200,41.614,40.516,42.089,41.614,10518528,252.8,0.2262,0,cuda-exl3 issue #5 control shape
CTRL 4096x4096,4096,4096,1,exl3,5,coldB,12,200,45.912,49.663,45.884,45.912,10518528,229.1,0.2472,0,cuda-exl3 issue #5 control shape
CTRL 4096x4096,4096,4096,8,exl3,5,warm,1,200,20.431,20.348,20.431,23.646,10633216,520.4,0.1684,0,cuda-exl3 issue #5 control shape
CTRL 4096x4096,4096,4096,8,exl3,5,coldA,3,200,40.675,40.086,43.421,40.675,10633216,261.4,0.2915,0,cuda-exl3 issue #5 control shape
CTRL 4096x4096,4096,4096,8,exl3,5,coldB,12,200,48.056,47.842,48.404,48.056,10633216,221.3,0.3327,0,cuda-exl3 issue #5 control shape
CTRL 4096x4096,4096,4096,64,exl3,5,warm,1,200,43.288,42.854,45.375,43.288,11550720,266.8,0.3331,0,cuda-exl3 issue #5 control shape
CTRL 4096x4096,4096,4096,64,exl3,5,coldA,3,200,58.828,58.828,61.264,57.686,11550720,196.3,0.4030,0,cuda-exl3 issue #5 control shape
CTRL 4096x4096,4096,4096,64,exl3,5,coldB,12,200,62.574,63.829,62.089,62.574,11550720,184.6,0.4082,0,cuda-exl3 issue #5 control shape
CTRL 4096x4096,4096,4096,1,exl3,6,warm,1,200,19.479,19.479,19.459,19.564,12615680,647.6,0.1182,0,cuda-exl3 issue #5 control shape
CTRL 4096x4096,4096,4096,1,exl3,6,coldA,3,200,54.416,54.536,54.381,54.416,12615680,231.8,0.2958,0,cuda-exl3 issue #5 control shape
CTRL 4096x4096,4096,4096,1,exl3,6,coldB,12,200,53.602,53.602,53.613,53.569,12615680,235.4,0.2886,0,cuda-exl3 issue #5 control shape
CTRL 4096x4096,4096,4096,8,exl3,6,warm,1,200,19.885,19.882,19.885,21.037,12730368,640.2,0.1639,0,cuda-exl3 issue #5 control shape
CTRL 4096x4096,4096,4096,8,exl3,6,coldA,3,200,56.632,57.065,56.632,54.623,12730368,224.8,0.4059,0,cuda-exl3 issue #5 control shape
CTRL 4096x4096,4096,4096,8,exl3,6,coldB,12,200,56.192,57.583,56.192,55.824,12730368,226.6,0.3890,0,cuda-exl3 issue #5 control shape
CTRL 4096x4096,4096,4096,64,exl3,6,warm,1,200,43.075,42.969,45.148,43.075,13647872,316.8,0.3315,0,cuda-exl3 issue #5 control shape
CTRL 4096x4096,4096,4096,64,exl3,6,coldA,3,200,67.854,70.492,67.854,67.469,13647872,201.1,0.4648,0,cuda-exl3 issue #5 control shape
CTRL 4096x4096,4096,4096,64,exl3,6,coldB,12,200,66.687,69.217,66.687,66.144,13647872,204.7,0.4351,0,cuda-exl3 issue #5 control shape
CTRL 4096x11008,4096,11008,1,bf16_linear,16,warm,1,200,484.610,484.395,485.210,484.610,90207744,186.1,,0,cuda-exl3 issue #5 control shape
CTRL 4096x11008,4096,11008,1,bf16_linear,16,coldA,2,200,484.376,484.376,484.941,483.914,90207744,186.2,,0,cuda-exl3 issue #5 control shape
CTRL 4096x11008,4096,11008,1,bf16_linear,16,coldB,5,200,485.522,485.395,486.418,485.522,90207744,185.8,,0,cuda-exl3 issue #5 control shape
CTRL 4096x11008,4096,11008,8,bf16_linear,16,warm,1,200,371.686,371.394,372.350,371.686,90419200,243.3,,0,cuda-exl3 issue #5 control shape
CTRL 4096x11008,4096,11008,8,bf16_linear,16,coldA,2,200,372.619,373.017,372.056,372.619,90419200,242.7,,0,cuda-exl3 issue #5 control shape
CTRL 4096x11008,4096,11008,8,bf16_linear,16,coldB,5,200,376.965,376.643,378.387,376.965,90419200,239.9,,0,cuda-exl3 issue #5 control shape
CTRL 4096x11008,4096,11008,64,bf16_linear,16,warm,1,200,376.656,376.656,381.077,373.929,92110848,244.5,,0,cuda-exl3 issue #5 control shape
CTRL 4096x11008,4096,11008,64,bf16_linear,16,coldA,2,200,378.174,380.840,378.174,376.904,92110848,243.6,,0,cuda-exl3 issue #5 control shape
CTRL 4096x11008,4096,11008,64,bf16_linear,16,coldB,5,200,383.416,382.557,383.416,387.059,92110848,240.2,,0,cuda-exl3 issue #5 control shape
CTRL 4096x11008,4096,11008,1,bf16_matmul,16,warm,1,200,366.620,366.620,366.675,366.584,90207744,246.1,,0,cuda-exl3 issue #5 control shape
CTRL 4096x11008,4096,11008,1,bf16_matmul,16,coldA,2,200,368.978,369.045,368.978,368.956,90207744,244.5,,0,cuda-exl3 issue #5 control shape
CTRL 4096x11008,4096,11008,1,bf16_matmul,16,coldB,5,200,368.721,369.825,368.671,368.721,90207744,244.7,,0,cuda-exl3 issue #5 control shape
CTRL 4096x11008,4096,11008,8,bf16_matmul,16,warm,1,200,348.161,347.943,348.161,349.119,90419200,259.7,,0,cuda-exl3 issue #5 control shape
CTRL 4096x11008,4096,11008,8,bf16_matmul,16,coldA,2,200,348.509,348.509,348.942,348.383,90419200,259.4,,0,cuda-exl3 issue #5 control shape
CTRL 4096x11008,4096,11008,8,bf16_matmul,16,coldB,5,200,348.035,348.104,348.035,348.015,90419200,259.8,,0,cuda-exl3 issue #5 control shape
CTRL 4096x11008,4096,11008,64,bf16_matmul,16,warm,1,200,375.433,378.537,375.281,375.433,92110848,245.3,,0,cuda-exl3 issue #5 control shape
CTRL 4096x11008,4096,11008,64,bf16_matmul,16,coldA,2,200,375.696,375.724,375.696,375.271,92110848,245.2,,0,cuda-exl3 issue #5 control shape
CTRL 4096x11008,4096,11008,64,bf16_matmul,16,coldB,5,200,375.680,375.680,375.650,375.712,92110848,245.2,,0,cuda-exl3 issue #5 control shape
CTRL 4096x11008,4096,11008,1,exl3,4,warm,1,200,44.885,44.455,44.885,48.488,22604800,503.6,0.0926,0,cuda-exl3 issue #5 control shape
CTRL 4096x11008,4096,11008,1,exl3,4,coldA,2,200,100.790,103.464,100.790,97.729,22604800,224.3,0.2081,0,cuda-exl3 issue #5 control shape
CTRL 4096x11008,4096,11008,1,exl3,4,coldB,5,200,94.741,94.796,94.729,94.741,22604800,238.6,0.1951,0,cuda-exl3 issue #5 control shape
CTRL 4096x11008,4096,11008,8,exl3,4,warm,1,200,49.461,49.461,45.344,49.512,22816256,461.3,0.1331,0,cuda-exl3 issue #5 control shape
CTRL 4096x11008,4096,11008,8,exl3,4,coldA,2,200,98.055,98.083,98.008,98.055,22816256,232.7,0.2632,0,cuda-exl3 issue #5 control shape
CTRL 4096x11008,4096,11008,8,exl3,4,coldB,5,200,95.880,101.428,95.880,95.748,22816256,238.0,0.2543,0,cuda-exl3 issue #5 control shape
CTRL 4096x11008,4096,11008,64,exl3,4,warm,1,200,93.792,96.949,93.792,93.755,24507904,261.3,0.2490,0,cuda-exl3 issue #5 control shape
CTRL 4096x11008,4096,11008,64,exl3,4,coldA,2,200,110.363,110.646,107.268,110.363,24507904,222.1,0.2918,0,cuda-exl3 issue #5 control shape
CTRL 4096x11008,4096,11008,64,exl3,4,coldB,5,200,112.207,113.015,112.207,111.508,24507904,218.4,0.2926,0,cuda-exl3 issue #5 control shape
CTRL 4096x11008,4096,11008,1,exl3,5,warm,1,200,92.178,95.185,92.178,91.302,28240896,306.4,0.1902,0,cuda-exl3 issue #5 control shape
CTRL 4096x11008,4096,11008,1,exl3,5,coldA,2,200,119.323,124.437,119.323,119.308,28240896,236.7,0.2463,0,cuda-exl3 issue #5 control shape
CTRL 4096x11008,4096,11008,1,exl3,5,coldB,5,200,118.441,119.104,118.441,117.053,28240896,238.4,0.2439,0,cuda-exl3 issue #5 control shape
CTRL 4096x11008,4096,11008,8,exl3,5,warm,1,200,94.105,94.105,94.222,93.804,28452352,302.3,0.2532,0,cuda-exl3 issue #5 control shape
CTRL 4096x11008,4096,11008,8,exl3,5,coldA,2,200,120.028,120.024,121.080,120.028,28452352,237.0,0.3221,0,cuda-exl3 issue #5 control shape
CTRL 4096x11008,4096,11008,8,exl3,5,coldB,5,200,117.720,117.720,117.892,117.691,28452352,241.7,0.3123,0,cuda-exl3 issue #5 control shape
CTRL 4096x11008,4096,11008,64,exl3,5,warm,1,200,116.781,116.809,112.803,116.781,30144000,258.1,0.3100,0,cuda-exl3 issue #5 control shape
CTRL 4096x11008,4096,11008,64,exl3,5,coldA,2,200,135.007,135.007,137.730,134.259,30144000,223.3,0.3570,0,cuda-exl3 issue #5 control shape
CTRL 4096x11008,4096,11008,64,exl3,5,coldB,5,200,135.617,135.256,135.617,138.839,30144000,222.3,0.3537,0,cuda-exl3 issue #5 control shape
CTRL 4096x11008,4096,11008,1,exl3,6,warm,1,200,131.862,131.867,131.728,131.862,33876992,256.9,0.2721,0,cuda-exl3 issue #5 control shape
CTRL 4096x11008,4096,11008,1,exl3,6,coldA,2,200,141.732,142.558,141.732,141.606,33876992,239.0,0.2926,0,cuda-exl3 issue #5 control shape
CTRL 4096x11008,4096,11008,1,exl3,6,coldB,5,200,138.700,139.922,138.700,138.661,33876992,244.2,0.2857,0,cuda-exl3 issue #5 control shape
CTRL 4096x11008,4096,11008,8,exl3,6,warm,1,200,134.717,136.263,134.717,134.695,34088448,253.0,0.3624,0,cuda-exl3 issue #5 control shape
CTRL 4096x11008,4096,11008,8,exl3,6,coldA,2,200,142.809,142.877,142.781,142.809,34088448,238.7,0.3833,0,cuda-exl3 issue #5 control shape
CTRL 4096x11008,4096,11008,8,exl3,6,coldB,5,200,140.077,140.077,140.012,141.025,34088448,243.4,0.3716,0,cuda-exl3 issue #5 control shape
CTRL 4096x11008,4096,11008,64,exl3,6,warm,1,200,163.192,164.205,163.192,162.508,35780096,219.3,0.4333,0,cuda-exl3 issue #5 control shape
CTRL 4096x11008,4096,11008,64,exl3,6,coldA,2,200,162.445,160.731,163.332,162.445,35780096,220.3,0.4296,0,cuda-exl3 issue #5 control shape
CTRL 4096x11008,4096,11008,64,exl3,6,coldB,5,200,162.776,162.859,162.776,160.833,35780096,219.8,0.4245,0,cuda-exl3 issue #5 control shape
