arm,op,bytes,us,gbs,rnr_per_op,oob_per_op
base,allreduce,131072,289.4,0.61,0.40,0.01
base,allreduce,262144,160.1,2.96,0.32,0.08
base,allreduce,524288,204.6,3.72,0.30,0.00
base,allreduce,1048576,263.8,5.71,0.28,0.08
base,allreduce,2097152,604.3,5.51,0.96,0.00
base,allreduce,4194304,623.4,9.53,0.24,0.08
base,allreduce,8388608,1532.5,7.33,1.28,0.13
base,allreduce,16777216,2061.6,10.93,0.66,0.27
base,allreduce,33554432,4522.6,10.09,3.48,0.72
base,allreduce,67108864,7491.4,12.08,3.02,1.43
base,alltoall,147456,122.7,1.46,0.06,0.04
base,alltoall,270336,90.1,2.13,0.03,0.01
base,alltoall,540672,184.6,2.52,0.12,0.05
base,alltoall,1056768,132.1,5.61,0.05,0.07
base,alltoall,2113536,1742.3,0.87,2.20,0.09
base,alltoall,4202496,1415.1,1.99,1.58,0.96
base,alltoall,8404992,1987.3,2.83,1.84,0.53
base,alltoall,16785408,1918.8,5.92,1.78,1.13
base,alltoall,33570816,2483.8,9.09,1.23,2.30
base,alltoall,67117056,4461.9,10.05,3.17,0.45
base,sendrecv,131072,104.3,1.44,0.03,0.00
base,sendrecv,262144,95.1,2.92,0.01,0.04
base,sendrecv,524288,180.3,3.06,0.06,0.01
base,sendrecv,1048576,272.7,4.10,0.16,0.00
base,sendrecv,2097152,570.5,3.69,0.00,0.33
base,sendrecv,4194304,764.1,7.08,0.00,0.45
base,sendrecv,8388608,1077.6,8.09,0.72,0.68
base,sendrecv,16777216,1447.7,11.59,0.16,0.00
base,sendrecv,33554432,3113.4,11.07,0.80,0.33
base,sendrecv,67108864,6228.5,11.16,1.10,0.60
base,step90,47185920,10207.5,,,
p2ctl,allreduce,131072,336.2,0.55,0.38,0.05
p2ctl,allreduce,262144,238.4,1.56,0.28,0.00
p2ctl,allreduce,524288,182.9,3.97,0.24,0.00
p2ctl,allreduce,1048576,300.6,4.79,0.22,0.00
p2ctl,allreduce,2097152,537.5,5.71,0.64,0.00
p2ctl,allreduce,4194304,793.9,8.43,0.96,0.16
p2ctl,allreduce,8388608,1278.6,9.18,1.15,0.61
p2ctl,allreduce,16777216,2193.4,10.55,0.95,0.27
p2ctl,allreduce,33554432,5121.7,8.82,5.88,1.15
p2ctl,allreduce,67108864,7234.6,12.38,0.43,0.08
p2ctl,alltoall,147456,165.8,0.67,0.08,0.00
p2ctl,alltoall,270336,140.2,1.62,0.04,0.01
p2ctl,alltoall,540672,210.4,2.26,0.15,0.05
p2ctl,alltoall,1056768,149.9,4.72,0.08,0.02
p2ctl,alltoall,2113536,1464.8,1.17,1.07,0.66
p2ctl,alltoall,4202496,1188.7,2.37,0.87,1.23
p2ctl,alltoall,8404992,1608.6,3.52,1.39,0.49
p2ctl,alltoall,16785408,2192.8,5.14,2.37,0.91
p2ctl,alltoall,33570816,3338.1,6.71,3.88,1.02
p2ctl,alltoall,67117056,4939.0,9.12,4.90,0.57
p2ctl,sendrecv,131072,82.3,2.08,0.01,0.01
p2ctl,sendrecv,262144,154.3,1.77,0.07,0.01
p2ctl,sendrecv,524288,197.6,2.69,0.07,0.01
p2ctl,sendrecv,1048576,218.0,4.88,0.11,0.00
p2ctl,sendrecv,2097152,682.9,3.50,0.84,0.00
p2ctl,sendrecv,4194304,1289.2,3.29,1.32,0.00
p2ctl,sendrecv,8388608,1148.6,7.42,0.76,0.00
p2ctl,sendrecv,16777216,1650.1,10.20,0.52,0.00
p2ctl,sendrecv,33554432,3465.6,9.89,1.40,0.10
p2ctl,sendrecv,67108864,6044.4,11.10,0.80,0.05
p2ctl,step90,47185920,10046.0,,,
link1rnr1,allreduce,131072,185.0,1.16,0.76,2.09
link1rnr1,allreduce,262144,120.8,3.38,0.67,1.40
link1rnr1,allreduce,524288,162.3,4.87,0.79,1.30
link1rnr1,allreduce,1048576,314.8,5.31,1.22,1.15
link1rnr1,allreduce,2097152,445.5,6.64,1.65,4.22
link1rnr1,allreduce,4194304,643.2,9.46,1.83,5.65
link1rnr1,allreduce,8388608,1079.9,10.72,3.28,5.57
link1rnr1,allreduce,16777216,1921.3,11.79,3.59,5.83
link1rnr1,allreduce,33554432,4025.2,11.41,9.32,17.75
link1rnr1,allreduce,67108864,7425.1,12.20,8.28,4.75
link1rnr1,alltoall,147456,117.8,1.04,0.43,0.12
link1rnr1,alltoall,270336,98.9,2.46,0.16,0.23
link1rnr1,alltoall,540672,157.0,2.62,0.81,0.02
link1rnr1,alltoall,1056768,188.2,3.90,0.82,0.46
link1rnr1,alltoall,2113536,976.2,1.46,7.87,0.19
link1rnr1,alltoall,4202496,739.4,3.99,4.46,1.42
link1rnr1,alltoall,8404992,994.3,7.17,5.78,2.34
link1rnr1,alltoall,16785408,1132.6,9.96,2.60,1.76
link1rnr1,alltoall,33570816,2579.3,9.53,10.03,7.35
link1rnr1,alltoall,67117056,4317.6,10.75,8.10,5.62
link1rnr1,sendrecv,131072,123.1,1.93,0.26,0.66
link1rnr1,sendrecv,262144,116.4,3.13,0.34,0.26
link1rnr1,sendrecv,524288,170.8,4.46,0.57,0.23
link1rnr1,sendrecv,1048576,262.9,4.63,0.28,0.00
link1rnr1,sendrecv,2097152,542.7,6.29,3.15,2.88
link1rnr1,sendrecv,4194304,662.2,7.00,2.38,1.98
link1rnr1,sendrecv,8388608,1013.6,9.41,3.15,1.91
link1rnr1,sendrecv,16777216,1689.3,10.54,3.09,1.48
link1rnr1,sendrecv,33554432,3548.4,9.82,8.80,7.62
link1rnr1,sendrecv,67108864,5795.8,11.79,7.42,6.40
link1rnr1,step90,47185920,9625.5,,,
link2,allreduce,131072,288.1,0.61,1.90,0.20
link2,allreduce,262144,259.4,1.35,1.74,0.00
link2,allreduce,524288,224.5,3.67,0.99,0.00
link2,allreduce,1048576,314.0,4.61,1.86,0.00
link2,allreduce,2097152,806.3,3.48,6.27,0.00
link2,allreduce,4194304,801.2,7.12,6.70,0.00
link2,allreduce,8388608,1096.8,10.30,6.49,0.04
link2,allreduce,16777216,1610.8,13.89,8.70,0.65
link2,allreduce,33554432,3819.9,11.88,18.38,0.58
link2,allreduce,67108864,5448.2,16.66,14.75,0.00
link2,alltoall,147456,177.1,0.56,0.67,0.00
link2,alltoall,270336,115.8,2.35,0.24,0.07
link2,alltoall,540672,228.0,1.58,1.56,0.00
link2,alltoall,1056768,181.1,4.08,0.97,0.00
link2,alltoall,2113536,1033.4,1.39,7.34,0.10
link2,alltoall,4202496,727.9,3.92,5.59,0.43
link2,alltoall,8404992,1018.7,5.52,6.52,0.43
link2,alltoall,16785408,1114.3,10.07,5.62,0.21
link2,alltoall,33570816,2450.0,9.22,14.28,0.15
link2,alltoall,67117056,4064.6,11.01,21.23,0.20
link2,sendrecv,131072,200.0,0.69,0.44,0.00
link2,sendrecv,262144,222.7,1.21,0.58,0.01
link2,sendrecv,524288,163.4,3.21,0.67,0.00
link2,sendrecv,1048576,162.1,6.74,0.67,0.00
link2,sendrecv,2097152,598.0,3.82,5.00,0.00
link2,sendrecv,4194304,478.6,8.96,2.60,0.07
link2,sendrecv,8388608,871.3,9.63,3.72,0.00
link2,sendrecv,16777216,1421.6,11.90,5.78,0.04
link2,sendrecv,33554432,2330.2,14.46,10.72,0.00
link2,sendrecv,67108864,4201.2,16.01,16.25,0.00
link2,step90,47185920,9273.5,,,
link2ch16,allreduce,131072,202.5,1.01,0.57,0.64
link2ch16,allreduce,262144,287.9,1.21,1.41,1.48
link2ch16,allreduce,524288,338.6,2.29,2.56,1.44
link2ch16,allreduce,1048576,479.3,3.03,2.15,1.19
link2ch16,allreduce,2097152,769.7,3.98,4.16,3.19
link2ch16,allreduce,4194304,618.7,10.89,6.02,4.55
link2ch16,allreduce,8388608,894.5,13.09,7.26,0.00
link2ch16,allreduce,16777216,1169.5,19.55,4.00,3.95
link2ch16,allreduce,33554432,2254.0,20.03,4.60,12.30
link2ch16,allreduce,67108864,4351.5,20.56,5.45,6.75
link2ch16,alltoall,147456,53.3,2.03,0.09,0.18
link2ch16,alltoall,270336,70.4,2.79,0.08,0.07
link2ch16,alltoall,540672,146.8,4.06,0.80,0.01
link2ch16,alltoall,1056768,101.9,7.18,0.21,0.14
link2ch16,alltoall,2113536,514.9,2.80,4.53,0.13
link2ch16,alltoall,4202496,561.3,6.85,5.14,0.21
link2ch16,alltoall,8404992,516.0,12.57,2.10,1.22
link2ch16,alltoall,16785408,907.7,13.77,3.54,1.12
link2ch16,alltoall,33570816,1670.2,14.27,5.95,2.33
link2ch16,alltoall,67117056,3379.2,13.75,12.78,0.00
link2ch16,sendrecv,131072,137.0,1.85,0.34,0.06
link2ch16,sendrecv,262144,122.9,2.40,0.46,0.14
link2ch16,sendrecv,524288,171.2,3.12,0.82,0.20
link2ch16,sendrecv,1048576,152.8,7.02,0.23,0.44
link2ch16,sendrecv,2097152,472.1,4.55,2.41,0.20
link2ch16,sendrecv,4194304,692.1,6.42,4.12,0.28
link2ch16,sendrecv,8388608,889.2,9.50,5.06,0.12
link2ch16,sendrecv,16777216,1148.8,14.73,3.82,0.00
link2ch16,sendrecv,33554432,2758.4,12.71,12.65,0.00
link2ch16,sendrecv,67108864,4053.7,16.77,11.15,5.83
link2ch16,step90,47185920,26178.0,,,
link2cuda,allreduce,131072,256.4,0.84,1.41,0.44
link2cuda,allreduce,262144,118.8,3.48,0.67,0.85
link2cuda,allreduce,524288,147.5,4.75,0.70,0.64
link2cuda,allreduce,1048576,265.9,5.73,1.05,0.91
link2cuda,allreduce,2097152,515.5,6.17,2.55,4.17
link2cuda,allreduce,4194304,549.1,12.07,3.46,3.10
link2cuda,allreduce,8388608,632.3,17.81,1.63,1.96
link2cuda,allreduce,16777216,1192.5,19.06,2.20,3.36
link2cuda,allreduce,33554432,2480.3,18.09,7.88,6.58
link2cuda,allreduce,67108864,4311.6,20.84,4.72,13.35
link2cuda,alltoall,147456,34.3,2.87,0.00,0.45
link2cuda,alltoall,270336,54.2,3.33,0.01,0.56
link2cuda,alltoall,540672,52.1,6.92,0.00,0.56
link2cuda,alltoall,1056768,84.2,8.40,0.04,0.97
link2cuda,alltoall,2113536,304.5,5.61,0.19,3.13
link2cuda,alltoall,4202496,263.3,10.72,0.31,6.68
link2cuda,alltoall,8404992,361.8,15.49,0.22,6.25
link2cuda,alltoall,16785408,567.5,19.72,0.04,4.32
link2cuda,alltoall,33570816,1348.9,17.20,2.80,6.02
link2cuda,alltoall,67117056,2174.2,20.68,1.88,8.70
link2cuda,sendrecv,131072,47.8,2.86,0.03,0.23
link2cuda,sendrecv,262144,49.1,5.35,0.00,0.71
link2cuda,sendrecv,524288,134.8,4.34,0.45,0.38
link2cuda,sendrecv,1048576,152.6,6.88,0.53,1.14
link2cuda,sendrecv,2097152,397.2,6.00,2.14,3.32
link2cuda,sendrecv,4194304,434.3,9.88,2.07,3.43
link2cuda,sendrecv,8388608,465.5,18.27,0.58,2.50
link2cuda,sendrecv,16777216,805.0,20.88,0.35,3.15
link2cuda,sendrecv,33554432,1608.5,20.98,1.12,4.92
link2cuda,sendrecv,67108864,3173.8,21.30,3.30,3.67
link2cuda,step90,47185920,9237.5,,,
link2cudanf,allreduce,131072,123.4,1.43,0.07,0.16
link2cudanf,allreduce,262144,110.9,3.37,0.60,0.32
link2cudanf,allreduce,524288,135.8,5.23,0.36,0.00
link2cudanf,allreduce,1048576,231.8,6.34,0.71,0.27
link2cudanf,allreduce,2097152,542.7,5.86,2.52,0.15
link2cudanf,allreduce,4194304,680.7,10.19,3.52,0.02
link2cudanf,allreduce,8388608,566.9,19.73,0.27,0.07
link2cudanf,allreduce,16777216,1345.6,16.63,3.86,0.57
link2cudanf,allreduce,33554432,2823.1,15.86,4.53,0.23
link2cudanf,allreduce,67108864,4273.1,21.02,4.85,0.00
link2cudanf,alltoall,147456,130.6,0.76,0.39,0.01
link2cudanf,alltoall,270336,151.0,1.19,0.48,0.00
link2cudanf,alltoall,540672,134.4,2.76,0.77,0.02
link2cudanf,alltoall,1056768,111.7,6.36,0.30,0.06
link2cudanf,alltoall,2113536,577.2,2.63,5.09,0.38
link2cudanf,alltoall,4202496,639.0,5.05,4.88,0.33
link2cudanf,alltoall,8404992,784.3,8.07,4.34,0.53
link2cudanf,alltoall,16785408,680.2,16.84,1.45,1.42
link2cudanf,alltoall,33570816,1294.1,17.84,2.47,4.35
link2cudanf,alltoall,67117056,2362.5,19.30,3.48,4.62
link2cudanf,sendrecv,131072,87.8,2.10,0.17,0.04
link2cudanf,sendrecv,262144,132.4,3.08,0.59,0.23
link2cudanf,sendrecv,524288,147.3,3.72,0.41,0.00
link2cudanf,sendrecv,1048576,130.6,9.16,0.42,0.09
link2cudanf,sendrecv,2097152,243.8,8.63,0.16,0.00
link2cudanf,sendrecv,4194304,741.7,5.69,3.87,0.00
link2cudanf,sendrecv,8388608,895.6,9.38,4.28,0.00
link2cudanf,sendrecv,16777216,945.6,18.23,1.63,0.16
link2cudanf,sendrecv,33554432,1911.1,18.41,5.55,3.98
link2cudanf,sendrecv,67108864,3558.0,18.87,8.68,2.98
link2cudanf,step90,47185920,9081.5,,,
link2cudach16,allreduce,131072,235.8,0.74,0.88,0.16
link2cudach16,allreduce,262144,291.9,1.21,0.86,0.23
link2cudach16,allreduce,524288,269.8,2.62,1.32,0.66
link2cudach16,allreduce,1048576,463.9,3.02,1.96,0.35
link2cudach16,allreduce,2097152,905.9,3.10,4.27,0.60
link2cudach16,allreduce,4194304,800.1,11.00,8.96,3.14
link2cudach16,allreduce,8388608,857.0,15.13,2.39,2.21
link2cudach16,allreduce,16777216,1368.9,16.38,4.20,2.06
link2cudach16,allreduce,33554432,2820.8,16.56,16.02,1.20
link2cudach16,allreduce,67108864,5453.6,16.41,22.83,9.85
link2cudach16,alltoall,147456,143.7,0.70,0.61,0.01
link2cudach16,alltoall,270336,148.8,1.35,0.53,0.00
link2cudach16,alltoall,540672,149.9,2.45,0.61,0.04
link2cudach16,alltoall,1056768,194.0,3.72,1.34,0.00
link2cudach16,alltoall,2113536,652.0,2.31,6.33,0.00
link2cudach16,alltoall,4202496,569.2,5.99,4.49,0.08
link2cudach16,alltoall,8404992,842.2,7.05,5.93,0.00
link2cudach16,alltoall,16785408,1147.5,10.15,5.53,0.00
link2cudach16,alltoall,33570816,2748.2,8.32,19.33,0.00
link2cudach16,alltoall,67117056,3165.3,14.15,13.20,0.00
link2cudach16,sendrecv,131072,201.3,0.67,0.60,0.00
link2cudach16,sendrecv,262144,199.3,1.41,0.85,0.00
link2cudach16,sendrecv,524288,321.5,1.71,0.79,0.03
link2cudach16,sendrecv,1048576,190.0,5.89,1.01,0.00
link2cudach16,sendrecv,2097152,735.0,2.93,3.46,0.00
link2cudach16,sendrecv,4194304,723.0,6.67,3.60,0.00
link2cudach16,sendrecv,8388608,868.3,12.61,3.55,0.00
link2cudach16,sendrecv,16777216,1083.0,16.31,3.20,0.27
link2cudach16,sendrecv,33554432,2711.7,12.68,12.55,2.20
link2cudach16,sendrecv,67108864,4071.4,16.60,12.38,0.00
link2cudach16,step90,47185920,26506.0,,,
link2dmabuf,allreduce,131072,329.6,0.53,2.13,0.05
link2dmabuf,allreduce,262144,186.9,1.88,1.47,0.00
link2dmabuf,allreduce,524288,266.8,2.63,1.70,0.00
link2dmabuf,allreduce,1048576,313.9,4.59,1.22,0.00
link2dmabuf,allreduce,2097152,906.8,3.31,7.70,0.00
link2dmabuf,allreduce,4194304,774.1,7.23,6.18,0.41
link2dmabuf,allreduce,8388608,973.4,11.50,5.87,0.15
link2dmabuf,allreduce,16777216,1605.8,13.96,7.39,0.31
link2dmabuf,allreduce,33554432,3154.6,15.12,13.53,3.23
link2dmabuf,allreduce,67108864,5118.9,18.08,17.18,3.52
link2dmabuf,alltoall,147456,129.6,0.76,0.41,0.00
link2dmabuf,alltoall,270336,170.2,1.06,0.51,0.00
link2dmabuf,alltoall,540672,137.9,2.67,0.54,0.07
link2dmabuf,alltoall,1056768,182.6,3.91,0.64,0.04
link2dmabuf,alltoall,2113536,729.2,1.94,4.67,0.03
link2dmabuf,alltoall,4202496,915.9,3.21,6.06,0.49
link2dmabuf,alltoall,8404992,889.5,6.44,5.60,0.30
link2dmabuf,alltoall,16785408,1016.4,11.31,4.70,0.21
link2dmabuf,alltoall,33570816,2686.2,8.43,17.18,0.12
link2dmabuf,alltoall,67117056,2947.6,15.32,10.22,0.08
link2dmabuf,sendrecv,131072,137.8,1.03,0.27,0.01
link2dmabuf,sendrecv,262144,162.7,1.73,0.44,0.00
link2dmabuf,sendrecv,524288,167.3,3.25,0.52,0.01
link2dmabuf,sendrecv,1048576,311.5,3.93,1.85,0.03
link2dmabuf,sendrecv,2097152,746.8,2.92,5.23,0.00
link2dmabuf,sendrecv,4194304,697.3,6.32,4.61,0.00
link2dmabuf,sendrecv,8388608,978.7,8.57,5.60,0.00
link2dmabuf,sendrecv,16777216,1081.7,15.73,3.18,0.00
link2dmabuf,sendrecv,33554432,2057.9,16.31,3.85,1.57
link2dmabuf,sendrecv,67108864,4097.1,16.39,6.25,0.00
link2dmabuf,step90,47185920,9120.5,,,
